date,page,ai_screenPageViews,ai_sessions,ai_entrances,all_screenPageViews,all_sessions,all_entrances
2025-12-29,/antwerp/business/,0,0,0,26,20,3
2025-12-29,/antwerp/nl/business/,1,1,1,36,19,3
2025-12-29,/eupen/business-event-teambuilding/,1,1,0,3,3,0
2025-12-29,/eupen/de/firmenveranstaltung/,1,1,0,3,3,0
2025-12-29,/eupen/fr/evenement-entreprise-teambuilding/,0,0,0,1,1,0
2025-12-30,/antwerp/business/,0,0,0,28,17,1
2025-12-30,/antwerp/nl/business/,2,1,0,42,24,1
2025-12-30,/eupen/fr/evenement-entreprise-teambuilding/,0,0,0,2,2,0
2025-12-31,/antwerp/business/,0,0,0,15,9,1
2025-12-31,/antwerp/nl/business/,2,1,0,33,18,1
2025-12-31,/eupen/business-event-teambuilding/,0,0,0,1,1,0
2025-12-31,/eupen/fr/evenement-entreprise-teambuilding/,0,0,0,2,1,0
2026-01-01,/antwerp/business/,1,1,0,12,6,1
2026-01-01,/antwerp/nl/business/,0,0,0,40,24,0
2026-01-01,/eupen/business-event-teambuilding/,0,0,0,2,2,0
2026-01-02,/antwerp/business/,0,0,0,28,13,2
2026-01-02,/antwerp/nl/business/,0,0,0,33,20,1
2026-01-02,/eupen/business-event-teambuilding/,0,0,0,3,3,0
2026-01-02,/eupen/de/firmenveranstaltung/,0,0,0,3,3,1
2026-01-03,/antwerp/business/,0,0,0,25,14,2
2026-01-03,/antwerp/nl/business/,0,0,0,34,21,0
2026-01-03,/eupen/business-event-teambuilding/,0,0,0,1,1,0
2026-01-03,/eupen/de/firmenveranstaltung/,0,0,0,2,2,0
2026-01-04,/antwerp/business/,0,0,0,4,2,0
2026-01-04,/antwerp/nl/business/,0,0,0,30,19,0
2026-01-04,/eupen/business-event-teambuilding/,0,0,0,4,4,1
2026-01-04,/eupen/de/firmenveranstaltung/,0,0,0,1,1,0
2026-01-05,/antwerp/business/,0,0,0,26,16,4
2026-01-05,/antwerp/nl/business/,0,0,0,42,25,2
2026-01-05,/eupen/business-event-teambuilding/,0,0,0,5,5,2
2026-01-05,/eupen/de/firmenveranstaltung/,0,0,0,6,5,0
2026-01-05,/eupen/fr/evenement-entreprise-teambuilding/,0,0,0,2,2,0
2026-01-06,/antwerp/business/,0,0,0,10,10,0
2026-01-06,/antwerp/nl/business/,0,0,0,26,17,2
2026-01-06,/eupen/business-event-teambuilding/,0,0,0,5,4,0
2026-01-06,/eupen/de/firmenveranstaltung/,0,0,0,5,5,1
2026-01-06,/eupen/fr/evenement-entreprise-teambuilding/,0,0,0,1,2,0
2026-01-07,/antwerp/business/,0,0,0,36,16,5
2026-01-07,/antwerp/nl/business/,0,0,0,40,22,2
2026-01-07,/eupen/business-event-teambuilding/,0,0,0,2,2,0
2026-01-07,/eupen/de/firmenveranstaltung/,0,0,0,2,1,0
2026-01-07,/eupen/fr/evenement-entreprise-teambuilding/,0,0,0,3,2,0
2026-01-08,/antwerp/business/,0,0,0,24,15,2
2026-01-08,/antwerp/nl/business/,0,0,0,26,17,3
2026-01-08,/eupen/business-event-teambuilding/,0,0,0,5,4,0
2026-01-08,/eupen/de/firmenveranstaltung/,0,0,0,1,1,0
2026-01-08,/eupen/fr/evenement-entreprise-teambuilding/,0,0,0,2,2,0
2026-01-09,/antwerp/business/,0,0,0,18,11,5
2026-01-09,/antwerp/nl/business/,0,0,0,40,19,0
2026-01-09,/eupen/business-event-teambuilding/,0,0,0,1,1,0
2026-01-09,/eupen/de/firmenveranstaltung/,0,0,0,4,3,0
2026-01-09,/eupen/fr/evenement-entreprise-teambuilding/,0,0,0,3,2,0
2026-01-10,/antwerp/business/,0,0,0,15,8,0
2026-01-10,/antwerp/nl/business/,1,1,0,58,31,3
2026-01-10,/eupen/business-event-teambuilding/,0,0,0,2,1,0
2026-01-11,/antwerp/business/,0,0,0,19,12,1
2026-01-11,/antwerp/nl/business/,0,0,0,66,34,3
2026-01-11,/eupen/business-event-teambuilding/,0,0,0,1,1,0
2026-01-12,/antwerp/business/,0,0,0,26,16,3
2026-01-12,/antwerp/nl/business/,0,0,0,43,25,1
2026-01-12,/eupen/business-event-teambuilding/,0,0,0,3,3,0
2026-01-12,/eupen/de/firmenveranstaltung/,0,0,0,3,3,0
2026-01-12,/eupen/fr/evenement-entreprise-teambuilding/,0,0,0,2,2,0
2026-01-13,/antwerp/business/,0,0,0,23,12,4
2026-01-13,/antwerp/nl/business/,0,0,0,29,18,2
2026-01-13,/eupen/business-event-teambuilding/,0,0,0,5,2,0
2026-01-13,/eupen/de/firmenveranstaltung/,0,0,0,1,1,0
2026-01-13,/eupen/fr/evenement-entreprise-teambuilding/,0,0,0,2,2,0
2026-01-14,/antwerp/business/,0,0,0,7,7,4
2026-01-14,/antwerp/nl/business/,0,0,0,10,7,5
2026-01-15,/antwerp/business/,0,0,0,7,7,5
2026-01-15,/antwerp/nl/business/,0,0,0,12,12,6
2026-01-16,/antwerp/business/,0,0,0,5,4,2
2026-01-16,/antwerp/nl/business/,0,0,0,21,20,7
2026-01-17,/antwerp/business/,0,0,0,6,6,2
2026-01-17,/antwerp/nl/business/,0,0,0,18,16,5
2026-01-18,/antwerp/business/,0,0,0,4,4,1
2026-01-18,/antwerp/nl/business/,0,0,0,12,10,2
2026-01-19,/antwerp/business/,0,0,0,8,5,2
2026-01-19,/antwerp/nl/business/,0,0,0,10,10,5
2026-01-20,/antwerp/business/,0,0,0,6,3,1
2026-01-20,/antwerp/nl/business/,0,0,0,18,16,8
2026-01-21,/antwerp/business/,0,0,0,10,9,5
2026-01-21,/antwerp/nl/business/,0,0,0,9,9,5
2026-01-22,/antwerp/business/,0,0,0,4,4,2
2026-01-22,/antwerp/nl/business/,0,0,0,28,24,14
2026-01-23,/antwerp/business/,0,0,0,10,11,4
2026-01-23,/antwerp/nl/business/,0,0,0,12,11,9
2026-01-24,/antwerp/business/,0,0,0,7,7,2
2026-01-24,/antwerp/nl/business/,0,0,0,20,18,7
2026-01-25,/antwerp/business/,0,0,0,6,6,2
2026-01-25,/antwerp/nl/business/,0,0,0,16,14,3
2026-01-26,/antwerp/business/,0,0,0,2,2,1
2026-01-26,/antwerp/nl/business/,0,0,0,16,14,9
2026-01-27,/antwerp/business/,0,0,0,7,7,4
2026-01-27,/antwerp/nl/business/,0,0,0,16,14,9
2026-01-28,/antwerp/business/,0,0,0,11,9,4
2026-01-28,/antwerp/nl/business/,0,0,0,14,12,5
2026-01-29,/antwerp/business/,0,0,0,14,12,2
2026-01-29,/antwerp/nl/business/,2,1,0,31,19,2
2026-01-29,/eupen/business-event-teambuilding/,0,0,0,4,3,0
2026-01-29,/eupen/de/firmenveranstaltung/,0,0,0,4,4,0
2026-01-29,/eupen/fr/evenement-entreprise-teambuilding/,0,0,0,4,4,1
2026-01-30,/antwerp/business/,0,0,0,18,9,0
2026-01-30,/antwerp/nl/business/,0,0,0,57,36,3
2026-01-30,/eupen/business-event-teambuilding/,0,0,0,1,1,0
2026-01-30,/eupen/de/firmenveranstaltung/,0,0,0,4,2,0
2026-01-31,/antwerp/business/,1,1,0,12,7,0
2026-01-31,/antwerp/nl/business/,0,0,0,39,24,3
2026-01-31,/eupen/business-event-teambuilding/,0,0,0,2,2,0
2026-01-31,/eupen/de/firmenveranstaltung/,0,0,0,2,3,0
2026-01-31,/eupen/fr/evenement-entreprise-teambuilding/,0,0,0,3,1,0
2026-02-01,/antwerp/business/,0,0,0,16,10,0
2026-02-01,/antwerp/nl/business/,0,0,0,55,29,2
2026-02-01,/eupen/business-event-teambuilding/,0,0,0,3,3,0
2026-02-01,/eupen/de/firmenveranstaltung/,0,0,0,1,1,0
2026-02-02,/antwerp/business/,0,0,0,19,14,3
2026-02-02,/antwerp/nl/business/,0,0,0,37,20,1
2026-02-02,/eupen/business-event-teambuilding/,0,0,0,2,2,0
2026-02-02,/eupen/de/firmenveranstaltung/,0,0,0,1,1,0
2026-02-03,/antwerp/business/,0,0,0,20,13,2
2026-02-03,/antwerp/nl/business/,0,0,0,64,33,5
2026-02-03,/eupen/business-event-teambuilding/,0,0,0,1,1,0
2026-02-03,/eupen/fr/evenement-entreprise-teambuilding/,0,0,0,7,4,0
2026-02-04,/antwerp/business/,0,0,0,14,11,0
2026-02-04,/antwerp/nl/business/,0,0,0,29,15,0
2026-02-04,/eupen/business-event-teambuilding/,0,0,0,1,1,0
2026-02-04,/eupen/de/firmenveranstaltung/,0,0,0,3,2,0
2026-02-04,/eupen/fr/evenement-entreprise-teambuilding/,0,0,0,3,3,0
2026-02-05,/antwerp/business/,0,0,0,19,12,2
2026-02-05,/antwerp/nl/business/,0,0,0,19,13,1
2026-02-05,/eupen/business-event-teambuilding/,0,0,0,8,7,1
2026-02-05,/eupen/fr/evenement-entreprise-teambuilding/,0,0,0,2,2,1
2026-02-06,/antwerp/business/,0,0,0,29,16,0
2026-02-06,/antwerp/nl/business/,0,0,0,44,23,1
2026-02-06,/eupen/business-event-teambuilding/,0,0,0,4,3,0
2026-02-06,/eupen/de/firmenveranstaltung/,0,0,0,1,1,0
2026-02-06,/eupen/fr/evenement-entreprise-teambuilding/,0,0,0,2,2,0
2026-02-07,/antwerp/business/,2,1,0,24,10,0
2026-02-07,/antwerp/nl/business/,0,0,0,47,26,1
2026-02-07,/eupen/fr/evenement-entreprise-teambuilding/,0,0,0,3,3,0
2026-02-08,/antwerp/business/,2,1,0,9,5,0
2026-02-08,/antwerp/nl/business/,0,0,0,25,9,1
2026-02-08,/eupen/business-event-teambuilding/,0,0,0,2,2,0
2026-02-08,/eupen/de/firmenveranstaltung/,0,0,0,1,1,1
2026-02-08,/eupen/fr/evenement-entreprise-teambuilding/,0,0,0,3,3,0
2026-02-09,/antwerp/business/,0,0,0,21,14,2
2026-02-09,/antwerp/nl/business/,0,0,0,36,23,3
2026-02-09,/eupen/business-event-teambuilding/,0,0,0,7,4,0
2026-02-09,/eupen/de/firmenveranstaltung/,0,0,0,3,2,0
2026-02-09,/eupen/fr/evenement-entreprise-teambuilding/,0,0,0,4,3,1
2026-02-10,/antwerp/business/,0,0,0,11,7,1
2026-02-10,/antwerp/nl/business/,0,0,0,19,13,1
2026-02-10,/eupen/business-event-teambuilding/,0,0,0,2,2,0
2026-02-10,/eupen/fr/evenement-entreprise-teambuilding/,0,0,0,1,1,1
2026-02-11,/antwerp/business/,0,0,0,27,16,1
2026-02-11,/antwerp/nl/business/,0,0,0,32,18,0
2026-02-11,/eupen/business-event-teambuilding/,0,0,0,4,4,1
2026-02-11,/eupen/de/firmenveranstaltung/,0,0,0,2,3,0
2026-02-11,/eupen/fr/evenement-entreprise-teambuilding/,0,0,0,4,3,0
2026-02-12,/antwerp/business/,3,1,1,37,20,5
2026-02-12,/antwerp/nl/business/,0,0,0,21,13,1
2026-02-12,/eupen/business-event-teambuilding/,0,0,0,6,6,0
2026-02-12,/eupen/fr/evenement-entreprise-teambuilding/,0,0,0,2,3,2
2026-02-13,/antwerp/business/,0,0,0,14,9,2
2026-02-13,/antwerp/nl/business/,0,0,0,32,17,0
2026-02-13,/eupen/business-event-teambuilding/,0,0,0,1,1,0
2026-02-13,/eupen/fr/evenement-entreprise-teambuilding/,0,0,0,1,1,0
2026-02-14,/antwerp/business/,1,1,1,33,15,1
2026-02-14,/antwerp/nl/business/,0,0,0,29,13,3
2026-02-14,/eupen/business-event-teambuilding/,0,0,0,4,4,1
2026-02-15,/antwerp/business/,0,0,0,13,9,1
2026-02-15,/antwerp/nl/business/,0,0,0,30,18,2
2026-02-15,/eupen/fr/evenement-entreprise-teambuilding/,0,0,0,1,1,0
2026-02-16,/antwerp/business/,0,0,0,24,13,2
2026-02-16,/antwerp/nl/business/,0,0,0,22,16,5
2026-02-16,/eupen/business-event-teambuilding/,0,0,0,4,3,2
2026-02-16,/eupen/de/firmenveranstaltung/,0,0,0,2,1,0
2026-02-16,/eupen/fr/evenement-entreprise-teambuilding/,0,0,0,1,1,0
2026-02-17,/antwerp/business/,0,0,0,14,13,7
2026-02-17,/antwerp/nl/business/,0,0,0,18,16,7
2026-02-17,/eupen/business-event-teambuilding/,0,0,0,2,2,2
2026-02-18,/antwerp/business/,0,0,0,7,7,1
2026-02-18,/antwerp/nl/business/,0,0,0,14,14,5
2026-02-18,/eupen/business-event-teambuilding/,0,0,0,1,1,1
2026-02-19,/antwerp/business/,0,0,0,8,8,5
2026-02-19,/antwerp/nl/business/,0,0,0,19,17,7
2026-02-20,/antwerp/business/,0,0,0,5,4,2
2026-02-20,/antwerp/nl/business/,0,0,0,6,6,2
2026-02-21,/antwerp/business/,0,0,0,8,8,0
2026-02-21,/antwerp/nl/business/,0,0,0,14,14,3
2026-02-22,/antwerp/business/,0,0,0,6,6,2
2026-02-22,/antwerp/nl/business/,0,0,0,10,10,0
2026-02-23,/antwerp/business/,0,0,0,8,8,7
2026-02-23,/antwerp/nl/business/,0,0,0,18,17,6
2026-02-24,/antwerp/business/,0,0,0,7,6,3
2026-02-24,/antwerp/nl/business/,0,0,0,17,15,7
2026-02-25,/antwerp/business/,0,0,0,8,8,4
2026-02-25,/antwerp/nl/business/,0,0,0,8,6,2
2026-02-26,/antwerp/business/,0,0,0,6,6,2
2026-02-26,/antwerp/nl/business/,1,1,0,12,12,6
2026-02-27,/antwerp/business/,0,0,0,4,4,4
2026-02-27,/antwerp/nl/business/,0,0,0,14,14,7
2026-02-27,/eupen/business-event-teambuilding/,0,0,0,0,1,0
2026-02-28,/antwerp/business/,0,0,0,10,8,6
2026-02-28,/antwerp/nl/business/,0,0,0,14,13,5
2026-03-01,/antwerp/business/,0,0,0,6,4,1
2026-03-01,/antwerp/nl/business/,0,0,0,30,19,4
2026-03-01,/eupen/business-event-teambuilding/,0,0,0,2,2,0
2026-03-01,/eupen/de/firmenveranstaltung/,0,0,0,3,3,0
2026-03-01,/eupen/fr/evenement-entreprise-teambuilding/,0,0,0,2,1,0
2026-03-02,/antwerp/business/,0,0,0,27,15,3
2026-03-02,/antwerp/nl/business/,0,0,0,24,16,6
2026-03-02,/eupen/business-event-teambuilding/,0,0,0,2,2,0
2026-03-02,/eupen/de/firmenveranstaltung/,0,0,0,3,2,0
2026-03-02,/eupen/fr/evenement-entreprise-teambuilding/,0,0,0,1,1,0
2026-03-03,/antwerp/business/,0,0,0,15,12,2
2026-03-03,/antwerp/nl/business/,0,0,0,28,17,2
2026-03-03,/eupen/business-event-teambuilding/,0,0,0,4,3,0
2026-03-03,/eupen/de/firmenveranstaltung/,0,0,0,4,4,0
2026-03-03,/eupen/fr/evenement-entreprise-teambuilding/,0,0,0,2,2,0
2026-03-04,/antwerp/business/,0,0,0,3,3,1
2026-03-04,/antwerp/nl/business/,0,0,0,22,14,0
2026-03-04,/eupen/business-event-teambuilding/,0,0,0,4,1,1
2026-03-04,/eupen/de/firmenveranstaltung/,0,0,0,1,1,0
2026-03-05,/antwerp/business/,0,0,0,20,12,2
2026-03-05,/antwerp/nl/business/,0,0,0,29,15,1
2026-03-05,/eupen/business-event-teambuilding/,0,0,0,4,4,0
2026-03-05,/eupen/de/firmenveranstaltung/,0,0,0,2,2,1
2026-03-05,/eupen/fr/evenement-entreprise-teambuilding/,0,0,0,1,1,0
2026-03-06,/antwerp/business/,0,0,0,22,14,2
2026-03-06,/antwerp/nl/business/,0,0,0,30,16,2
2026-03-06,/eupen/business-event-teambuilding/,0,0,0,3,3,0
2026-03-06,/eupen/de/firmenveranstaltung/,0,0,0,1,1,0
2026-03-06,/eupen/fr/evenement-entreprise-teambuilding/,0,0,0,3,3,0
2026-03-07,/antwerp/business/,0,0,0,14,7,0
2026-03-07,/antwerp/nl/business/,0,0,0,36,21,3
2026-03-07,/eupen/business-event-teambuilding/,0,0,0,1,1,0
2026-03-07,/eupen/de/firmenveranstaltung/,0,0,0,1,1,0
2026-03-08,/antwerp/business/,0,0,0,15,9,4
2026-03-08,/antwerp/nl/business/,0,0,0,13,9,3
2026-03-08,/eupen/business-event-teambuilding/,0,0,0,4,3,0
2026-03-08,/eupen/de/firmenveranstaltung/,0,0,0,5,3,0
2026-03-09,/antwerp/business/,0,0,0,15,9,4
2026-03-09,/antwerp/nl/business/,0,0,0,22,15,4
2026-03-09,/eupen/business-event-teambuilding/,0,0,0,3,2,0
2026-03-09,/eupen/fr/evenement-entreprise-teambuilding/,0,0,0,5,5,1
2026-03-10,/antwerp/business/,0,0,0,32,19,0
2026-03-10,/antwerp/nl/business/,0,0,0,24,13,1
2026-03-10,/eupen/business-event-teambuilding/,0,0,0,2,1,0
2026-03-10,/eupen/de/firmenveranstaltung/,0,0,0,1,1,0
2026-03-11,/antwerp/business/,1,1,1,30,12,2
2026-03-11,/antwerp/nl/business/,0,0,0,34,21,5
2026-03-11,/eupen/business-event-teambuilding/,0,0,0,2,2,0
2026-03-11,/eupen/fr/evenement-entreprise-teambuilding/,0,0,0,4,3,0
2026-03-12,/antwerp/business/,1,2,1,26,18,1
2026-03-12,/antwerp/nl/business/,0,0,0,29,18,1
2026-03-12,/eupen/business-event-teambuilding/,0,0,0,2,2,0
2026-03-12,/eupen/de/firmenveranstaltung/,0,0,0,7,4,1
2026-03-12,/eupen/fr/evenement-entreprise-teambuilding/,0,0,0,2,1,0
2026-03-13,/antwerp/business/,0,0,0,17,11,3
2026-03-13,/antwerp/nl/business/,0,0,0,27,19,2
2026-03-13,/eupen/business-event-teambuilding/,0,0,0,3,4,0
2026-03-13,/eupen/de/firmenveranstaltung/,0,0,0,1,1,0
2026-03-13,/eupen/fr/evenement-entreprise-teambuilding/,0,0,0,3,2,1
2026-03-14,/antwerp/business/,0,0,0,10,7,1
2026-03-14,/antwerp/nl/business/,0,0,0,28,18,0
2026-03-14,/eupen/business-event-teambuilding/,0,0,0,5,5,0
2026-03-14,/eupen/de/firmenveranstaltung/,0,0,0,2,2,1
2026-03-14,/eupen/fr/evenement-entreprise-teambuilding/,0,0,0,1,1,0
2026-03-15,/antwerp/business/,0,0,0,15,8,1
2026-03-15,/antwerp/nl/business/,0,0,0,16,11,1
2026-03-15,/eupen/fr/evenement-entreprise-teambuilding/,0,0,0,1,1,0
2026-03-16,/antwerp/business/,0,0,0,15,13,3
2026-03-16,/antwerp/nl/business/,0,0,0,22,15,2
2026-03-16,/eupen/business-event-teambuilding/,0,0,0,3,2,0
2026-03-16,/eupen/fr/evenement-entreprise-teambuilding/,0,0,0,2,2,1
2026-03-17,/antwerp/business/,0,0,0,11,7,2
2026-03-17,/antwerp/nl/business/,0,0,0,24,19,3
2026-03-17,/eupen/business-event-teambuilding/,0,0,0,10,8,2
2026-03-17,/eupen/fr/evenement-entreprise-teambuilding/,0,0,0,5,3,0
2026-03-18,/antwerp/business/,0,0,0,21,12,2
2026-03-18,/antwerp/nl/business/,0,0,0,17,11,1
2026-03-18,/eupen/business-event-teambuilding/,0,0,0,16,8,1
2026-03-18,/eupen/fr/evenement-entreprise-teambuilding/,0,0,0,2,2,1
2026-03-19,/antwerp/business/,1,1,0,18,13,0
2026-03-19,/antwerp/nl/business/,0,0,0,39,24,6
2026-03-19,/eupen/business-event-teambuilding/,1,1,0,6,6,1
2026-03-19,/eupen/de/firmenveranstaltung/,0,0,0,8,8,2
2026-03-20,/antwerp/business/,0,0,0,11,10,2
2026-03-20,/antwerp/nl/business/,0,0,0,27,17,2
2026-03-20,/eupen/business-event-teambuilding/,0,0,0,3,2,0
2026-03-20,/eupen/de/firmenveranstaltung/,0,0,0,1,1,0
2026-03-21,/antwerp/business/,0,0,0,9,7,0
2026-03-21,/antwerp/nl/business/,0,0,0,14,9,1
2026-03-21,/eupen/business-event-teambuilding/,0,0,0,7,6,0
2026-03-21,/eupen/de/firmenveranstaltung/,0,0,0,6,5,0
2026-03-22,/antwerp/business/,0,0,0,8,3,0
2026-03-22,/antwerp/nl/business/,0,0,0,15,10,0
2026-03-22,/eupen/business-event-teambuilding/,0,0,0,2,2,0
2026-03-22,/eupen/de/firmenveranstaltung/,0,0,0,0,1,0
2026-03-23,/antwerp/business/,0,0,0,9,5,1
2026-03-23,/antwerp/nl/business/,0,0,0,21,15,0
2026-03-23,/eupen/business-event-teambuilding/,0,0,0,3,3,1
2026-03-23,/eupen/de/firmenveranstaltung/,0,0,0,2,3,0
2026-03-23,/eupen/fr/evenement-entreprise-teambuilding/,0,0,0,3,3,1
2026-03-24,/antwerp/business/,0,0,0,46,16,1
2026-03-24,/antwerp/nl/business/,0,0,0,24,17,1
2026-03-24,/eupen/business-event-teambuilding/,0,0,0,2,1,0
2026-03-25,/antwerp/business/,0,0,0,9,8,5
2026-03-25,/antwerp/nl/business/,0,0,0,15,11,5
2026-03-25,/eupen/business-event-teambuilding/,0,0,0,4,2,0
2026-03-25,/eupen/de/firmenveranstaltung/,0,0,0,1,1,0
2026-03-25,/eupen/fr/evenement-entreprise-teambuilding/,0,0,0,2,1,0
2026-03-26,/antwerp/business/,0,0,0,17,12,3
2026-03-26,/antwerp/nl/business/,0,0,0,15,13,9
2026-03-27,/antwerp/business/,0,0,0,6,5,2
2026-03-27,/antwerp/nl/business/,0,0,0,17,14,9
2026-03-28,/antwerp/business/,0,0,0,8,8,1
2026-03-28,/antwerp/nl/business/,0,0,0,10,10,4
2026-03-29,/antwerp/business/,0,0,0,7,7,0
2026-03-29,/antwerp/nl/business/,0,0,0,11,11,5
2026-03-30,/antwerp/business/,0,0,0,5,4,2
2026-03-30,/antwerp/nl/business/,0,0,0,15,14,6
2026-03-31,/antwerp/business/,0,0,0,4,4,2
2026-03-31,/antwerp/nl/business/,0,0,0,13,9,7
2026-04-01,/antwerp/business/,0,0,0,11,6,3
2026-04-01,/antwerp/nl/business/,0,0,0,13,10,3
2026-04-01,/eupen/business-event-teambuilding/,0,0,0,3,2,0
2026-04-01,/eupen/de/firmenveranstaltung/,0,0,0,2,2,0
2026-04-01,/eupen/fr/evenement-entreprise-teambuilding/,0,0,0,2,2,1
2026-04-02,/antwerp/business/,0,0,0,7,6,0
2026-04-02,/antwerp/nl/business/,0,0,0,28,17,3
2026-04-02,/eupen/business-event-teambuilding/,0,0,0,2,2,0
2026-04-02,/eupen/de/firmenveranstaltung/,0,0,0,2,2,1
2026-04-02,/eupen/fr/evenement-entreprise-teambuilding/,0,0,0,2,1,0
2026-04-03,/antwerp/business/,0,0,0,8,6,1
2026-04-03,/antwerp/nl/business/,0,0,0,24,13,1
2026-04-03,/eupen/business-event-teambuilding/,0,0,0,6,6,0
2026-04-03,/eupen/de/firmenveranstaltung/,0,0,0,1,1,0
2026-04-03,/eupen/fr/evenement-entreprise-teambuilding/,0,0,0,5,3,0
2026-04-04,/antwerp/business/,0,0,0,15,9,1
2026-04-04,/antwerp/nl/business/,4,1,0,37,20,1
2026-04-04,/eupen/business-event-teambuilding/,0,0,0,3,3,1
2026-04-04,/eupen/de/firmenveranstaltung/,0,0,0,1,1,0
2026-04-04,/eupen/fr/evenement-entreprise-teambuilding/,0,0,0,1,1,0
2026-04-05,/antwerp/business/,0,0,0,31,16,2
2026-04-05,/antwerp/nl/business/,0,0,0,22,12,1
2026-04-05,/eupen/business-event-teambuilding/,0,0,0,5,5,0
2026-04-05,/eupen/de/firmenveranstaltung/,0,0,0,1,1,0
2026-04-05,/eupen/fr/evenement-entreprise-teambuilding/,0,0,0,1,1,0
2026-04-06,/antwerp/business/,0,0,0,11,6,1
2026-04-06,/antwerp/nl/business/,0,0,0,19,13,0
2026-04-06,/eupen/business-event-teambuilding/,0,0,0,1,1,0
2026-04-07,/antwerp/business/,0,0,0,10,9,2
2026-04-07,/antwerp/nl/business/,0,0,0,16,11,3
2026-04-07,/eupen/de/firmenveranstaltung/,0,0,0,1,1,0
2026-04-07,/eupen/fr/evenement-entreprise-teambuilding/,0,0,0,2,1,0
2026-04-08,/antwerp/business/,0,0,0,18,12,0
2026-04-08,/antwerp/nl/business/,0,0,0,19,12,1
2026-04-08,/eupen/de/firmenveranstaltung/,0,0,0,2,1,0
2026-04-09,/antwerp/business/,2,2,1,11,8,3
2026-04-09,/antwerp/nl/business/,0,0,0,25,17,1
2026-04-09,/eupen/business-event-teambuilding/,0,0,0,5,4,1
2026-04-09,/eupen/de/firmenveranstaltung/,0,0,0,1,1,0
2026-04-10,/antwerp/business/,0,0,0,11,8,0
2026-04-10,/antwerp/nl/business/,0,0,0,22,14,1
2026-04-10,/eupen/business-event-teambuilding/,0,0,0,6,6,0
2026-04-10,/eupen/de/firmenveranstaltung/,0,0,0,1,1,0
2026-04-10,/eupen/fr/evenement-entreprise-teambuilding/,0,0,0,7,5,1
2026-04-11,/antwerp/business/,0,0,0,17,9,0
2026-04-11,/antwerp/nl/business/,1,1,0,28,15,0
2026-04-11,/eupen/de/firmenveranstaltung/,0,0,0,1,1,0
2026-04-11,/eupen/fr/evenement-entreprise-teambuilding/,0,0,0,1,1,0
2026-04-12,/antwerp/business/,0,0,0,9,7,1
2026-04-12,/antwerp/nl/business/,0,0,0,18,12,1
2026-04-12,/eupen/business-event-teambuilding/,0,0,0,4,4,0
2026-04-12,/eupen/de/firmenveranstaltung/,0,0,0,1,2,0
2026-04-12,/eupen/fr/evenement-entreprise-teambuilding/,0,0,0,2,1,0
2026-04-13,/antwerp/business/,0,0,0,20,12,1
2026-04-13,/antwerp/nl/business/,0,0,0,27,19,1
2026-04-13,/eupen/business-event-teambuilding/,0,0,0,4,5,1
2026-04-13,/eupen/de/firmenveranstaltung/,0,0,0,3,3,1
2026-04-13,/eupen/fr/evenement-entreprise-teambuilding/,0,0,0,2,2,1
2026-04-14,/antwerp/business/,0,0,0,18,12,1
2026-04-14,/antwerp/nl/business/,0,0,0,17,15,2
2026-04-14,/eupen/business-event-teambuilding/,0,0,0,4,3,0
2026-04-14,/eupen/de/firmenveranstaltung/,0,0,0,1,1,0
2026-04-14,/eupen/fr/evenement-entreprise-teambuilding/,0,0,0,2,2,1
2026-04-15,/antwerp/business/,2,1,0,7,6,0
2026-04-15,/antwerp/nl/business/,0,0,0,24,16,0
2026-04-15,/eupen/business-event-teambuilding/,0,0,0,3,3,0
2026-04-16,/antwerp/business/,0,0,0,16,9,0
2026-04-16,/antwerp/nl/business/,0,0,0,13,8,0
2026-04-16,/eupen/business-event-teambuilding/,0,0,0,1,1,1
2026-04-16,/eupen/de/firmenveranstaltung/,0,0,0,2,1,0
2026-04-16,/eupen/fr/evenement-entreprise-teambuilding/,0,0,0,1,1,0
2026-04-17,/antwerp/business/,0,0,0,6,4,1
2026-04-17,/antwerp/nl/business/,0,0,0,11,7,2
2026-04-17,/eupen/business-event-teambuilding/,0,0,0,4,3,0
2026-04-17,/eupen/de/firmenveranstaltung/,0,0,0,1,1,0
2026-04-17,/eupen/fr/evenement-entreprise-teambuilding/,0,0,0,1,1,0
2026-04-18,/antwerp/business/,0,0,0,20,10,0
2026-04-18,/antwerp/nl/business/,0,0,0,12,8,1
2026-04-18,/eupen/business-event-teambuilding/,0,0,0,3,2,0
2026-04-18,/eupen/fr/evenement-entreprise-teambuilding/,0,0,0,2,2,0
2026-04-19,/antwerp/business/,0,0,0,3,2,0
2026-04-19,/antwerp/nl/business/,0,0,0,19,7,0
2026-04-19,/eupen/business-event-teambuilding/,0,0,0,1,1,0
2026-04-19,/eupen/de/firmenveranstaltung/,0,0,0,3,3,0
2026-04-19,/eupen/fr/evenement-entreprise-teambuilding/,0,0,0,2,2,0
2026-04-20,/antwerp/business/,0,0,0,21,11,0
2026-04-20,/antwerp/nl/business/,0,0,0,36,21,3
2026-04-20,/eupen/business-event-teambuilding/,0,0,0,1,1,0
2026-04-20,/eupen/de/firmenveranstaltung/,0,0,0,2,2,1
2026-04-20,/eupen/fr/evenement-entreprise-teambuilding/,0,0,0,2,2,0
2026-04-21,/antwerp/business/,0,0,0,21,11,3
2026-04-21,/antwerp/nl/business/,0,0,0,22,11,4
2026-04-21,/eupen/business-event-teambuilding/,0,0,0,3,3,0
2026-04-21,/eupen/de/firmenveranstaltung/,0,0,0,3,2,0
2026-04-21,/eupen/fr/evenement-entreprise-teambuilding/,0,0,0,1,1,0
2026-04-22,/antwerp/business/,0,0,0,19,11,1
2026-04-22,/antwerp/nl/business/,0,0,0,19,16,1
2026-04-22,/eupen/business-event-teambuilding/,0,0,0,4,3,0
2026-04-22,/eupen/de/firmenveranstaltung/,0,0,0,5,4,1
2026-04-22,/eupen/fr/evenement-entreprise-teambuilding/,0,0,0,2,2,0
2026-04-23,/antwerp/business/,0,0,0,23,16,3
2026-04-23,/antwerp/nl/business/,0,0,0,16,13,3
2026-04-23,/eupen/business-event-teambuilding/,0,0,0,3,3,1
2026-04-23,/eupen/fr/evenement-entreprise-teambuilding/,0,0,0,7,6,2
2026-04-24,/antwerp/business/,0,0,0,15,9,3
2026-04-24,/antwerp/nl/business/,0,0,0,22,15,1
2026-04-24,/eupen/business-event-teambuilding/,0,0,0,2,2,1
2026-04-24,/eupen/de/firmenveranstaltung/,0,0,0,3,1,1
2026-04-25,/antwerp/business/,0,0,0,4,4,1
2026-04-25,/antwerp/nl/business/,0,0,0,5,5,2
2026-04-26,/antwerp/business/,0,0,0,2,2,1
2026-04-26,/antwerp/nl/business/,0,0,0,9,7,7
2026-04-26,/eupen/fr/evenement-entreprise-teambuilding/,0,0,0,1,1,1
2026-05-08,/antwerp/business/,0,0,0,18,10,1
2026-05-08,/antwerp/nl/business/,0,0,0,44,26,4
2026-05-08,/eupen/de/firmenveranstaltung/,0,0,0,1,1,0
2026-05-08,/eupen/fr/evenement-entreprise-teambuilding/,0,0,0,2,2,0
2026-05-09,/antwerp/business/,0,0,0,9,4,0
2026-05-09,/antwerp/nl/business/,0,0,0,10,7,0
2026-05-09,/eupen/business-event-teambuilding/,0,0,0,5,4,0
2026-05-09,/eupen/fr/evenement-entreprise-teambuilding/,0,0,0,1,1,0
2026-05-10,/antwerp/business/,0,0,0,7,5,0
2026-05-10,/antwerp/nl/business/,0,0,0,15,8,3
2026-05-10,/eupen/business-event-teambuilding/,0,0,0,1,1,0
2026-05-10,/eupen/fr/evenement-entreprise-teambuilding/,0,0,0,2,2,0
2026-05-11,/antwerp/business/,0,0,0,4,5,2
2026-05-11,/antwerp/nl/business/,0,0,0,26,18,3
2026-05-11,/eupen/business-event-teambuilding/,0,0,0,2,2,1
2026-05-11,/eupen/de/firmenveranstaltung/,0,0,0,3,3,0
2026-05-11,/eupen/fr/evenement-entreprise-teambuilding/,0,0,0,2,2,0
2026-05-12,/antwerp/business/,0,0,0,24,15,1
2026-05-12,/antwerp/nl/business/,1,2,0,90,59,6
2026-05-12,/eupen/business-event-teambuilding/,0,0,0,4,4,0
2026-05-12,/eupen/de/firmenveranstaltung/,0,0,0,2,2,0
2026-05-13,/antwerp/business/,0,0,0,25,16,1
2026-05-13,/antwerp/nl/business/,0,0,0,34,21,4
2026-05-13,/eupen/business-event-teambuilding/,0,0,0,3,2,1
2026-05-13,/eupen/de/firmenveranstaltung/,0,0,0,3,2,0
2026-05-13,/eupen/fr/evenement-entreprise-teambuilding/,0,0,0,1,1,0
2026-05-14,/antwerp/business/,0,0,0,42,26,1
2026-05-14,/antwerp/nl/business/,0,0,0,50,31,2
2026-05-14,/eupen/business-event-teambuilding/,0,0,0,2,2,0
2026-05-14,/eupen/fr/evenement-entreprise-teambuilding/,0,0,0,1,1,0
2026-05-15,/antwerp/business/,0,0,0,50,32,0
2026-05-15,/antwerp/nl/business/,0,0,0,80,51,0
2026-05-15,/eupen/business-event-teambuilding/,0,0,0,1,1,0
2026-05-15,/eupen/de/firmenveranstaltung/,0,0,0,2,2,0
2026-05-15,/eupen/fr/evenement-entreprise-teambuilding/,0,0,0,2,1,0
2026-05-16,/antwerp/business/,0,0,0,37,21,0
2026-05-16,/antwerp/nl/business/,0,0,0,49,33,5
2026-05-16,/eupen/business-event-teambuilding/,0,0,0,2,2,0
2026-05-16,/eupen/de/firmenveranstaltung/,0,0,0,7,4,0
2026-05-17,/antwerp/business/,10,6,5,51,37,8
2026-05-17,/antwerp/nl/business/,0,0,0,38,25,4
2026-05-17,/eupen/business-event-teambuilding/,0,0,0,11,9,0
2026-05-17,/eupen/fr/evenement-entreprise-teambuilding/,0,0,0,2,2,1
2026-05-18,/antwerp/business/,0,0,0,49,33,3
2026-05-18,/antwerp/nl/business/,0,0,0,56,34,1
2026-05-18,/eupen/business-event-teambuilding/,0,0,0,3,3,0
2026-05-18,/eupen/de/firmenveranstaltung/,0,0,0,6,6,0
2026-05-18,/eupen/fr/evenement-entreprise-teambuilding/,0,0,0,1,1,0
2026-05-19,/antwerp/business/,0,0,0,51,30,3
2026-05-19,/antwerp/nl/business/,0,0,0,31,21,3
2026-05-19,/eupen/business-event-teambuilding/,0,0,0,1,1,0
2026-05-19,/eupen/de/firmenveranstaltung/,0,0,0,1,1,0
2026-05-19,/eupen/fr/evenement-entreprise-teambuilding/,0,0,0,4,3,0
2026-05-20,/antwerp/business/,9,3,1,32,22,4
2026-05-20,/antwerp/nl/business/,0,0,0,45,22,0
2026-05-20,/eupen/business-event-teambuilding/,0,0,0,12,9,0
2026-05-20,/eupen/de/firmenveranstaltung/,0,0,0,5,5,0
2026-05-20,/eupen/fr/evenement-entreprise-teambuilding/,0,0,0,1,1,0
2026-05-21,/antwerp/business/,1,1,1,17,14,2
2026-05-21,/antwerp/nl/business/,0,0,0,42,30,4
2026-05-21,/eupen/business-event-teambuilding/,0,0,0,3,3,0
2026-05-22,/antwerp/business/,0,0,0,20,12,2
2026-05-22,/antwerp/nl/business/,0,0,0,37,22,0
2026-05-22,/eupen/business-event-teambuilding/,0,0,0,1,1,0
2026-05-22,/eupen/de/firmenveranstaltung/,0,0,0,1,1,0
2026-05-23,/antwerp/business/,0,0,0,17,14,3
2026-05-23,/antwerp/nl/business/,0,0,0,22,14,0
2026-05-23,/eupen/business-event-teambuilding/,0,0,0,2,2,0
2026-05-23,/eupen/de/firmenveranstaltung/,0,0,0,2,2,0
2026-05-23,/eupen/fr/evenement-entreprise-teambuilding/,0,0,0,2,1,0
2026-05-24,/antwerp/business/,0,0,0,17,9,1
2026-05-24,/antwerp/nl/business/,0,0,0,25,14,0
2026-05-24,/eupen/business-event-teambuilding/,0,0,0,5,4,0
2026-05-24,/eupen/fr/evenement-entreprise-teambuilding/,0,0,0,3,3,0
2026-05-25,/antwerp/business/,0,0,0,11,8,2
2026-05-25,/antwerp/nl/business/,0,0,0,24,13,1
2026-05-25,/eupen/business-event-teambuilding/,0,0,0,1,1,0
2026-05-25,/eupen/de/firmenveranstaltung/,0,0,0,1,1,0
2026-05-26,/antwerp/business/,0,0,0,27,18,2
2026-05-26,/antwerp/nl/business/,0,0,0,32,16,0
2026-05-26,/eupen/business-event-teambuilding/,0,0,0,1,1,0
2026-05-26,/eupen/de/firmenveranstaltung/,0,0,0,1,1,0
2026-05-26,/eupen/fr/evenement-entreprise-teambuilding/,0,0,0,2,1,0
2026-05-27,/antwerp/business/,0,0,0,35,25,1
2026-05-27,/antwerp/nl/business/,1,1,0,59,42,5
2026-05-27,/eupen/business-event-teambuilding/,0,0,0,5,3,1
2026-05-27,/eupen/fr/evenement-entreprise-teambuilding/,0,0,0,1,1,0
2026-05-28,/antwerp/business/,0,0,0,41,25,0
2026-05-28,/antwerp/nl/business/,0,1,0,18,15,2
2026-05-28,/eupen/business-event-teambuilding/,0,0,0,4,4,1
2026-05-28,/eupen/fr/evenement-entreprise-teambuilding/,0,0,0,2,1,0
2026-05-29,/antwerp/business/,0,0,0,14,10,1
2026-05-29,/antwerp/nl/business/,0,0,0,13,10,1
2026-05-29,/eupen/business-event-teambuilding/,0,0,0,2,3,0
2026-05-29,/eupen/fr/evenement-entreprise-teambuilding/,0,0,0,2,1,0
2026-05-30,/antwerp/business/,0,0,0,13,11,1
2026-05-30,/antwerp/nl/business/,0,0,0,30,18,1
2026-05-31,/antwerp/business/,0,0,0,29,16,0
2026-05-31,/antwerp/nl/business/,0,0,0,26,14,0
2026-05-31,/eupen/business-event-teambuilding/,0,0,0,2,2,0
2026-05-31,/eupen/de/firmenveranstaltung/,0,0,0,1,1,0
2026-05-31,/eupen/fr/evenement-entreprise-teambuilding/,0,0,0,1,1,0
2026-06-01,/antwerp/business/,0,0,0,28,18,2
2026-06-01,/antwerp/nl/business/,0,0,0,23,14,3
2026-06-01,/eupen/business-event-teambuilding/,0,0,0,1,1,0
2026-06-01,/eupen/de/firmenveranstaltung/,0,0,0,1,1,0
2026-06-02,/antwerp/business/,0,0,0,12,9,1
2026-06-02,/antwerp/nl/business/,0,0,0,35,23,5
2026-06-02,/eupen/business-event-teambuilding/,0,0,0,2,2,0
2026-06-02,/eupen/de/firmenveranstaltung/,0,0,0,3,2,1
2026-06-03,/antwerp/business/,0,0,0,13,11,0
2026-06-03,/antwerp/nl/business/,0,0,0,24,15,1
2026-06-03,/eupen/business-event-teambuilding/,0,0,0,2,1,0
2026-06-03,/eupen/de/firmenveranstaltung/,0,0,0,1,1,0
2026-06-03,/eupen/fr/evenement-entreprise-teambuilding/,0,0,0,2,2,1
2026-06-04,/antwerp/business/,0,0,0,23,17,2
2026-06-04,/antwerp/nl/business/,0,0,0,30,17,1
2026-06-04,/eupen/business-event-teambuilding/,0,0,0,4,4,0
2026-06-05,/antwerp/business/,1,1,0,34,28,1
2026-06-05,/antwerp/nl/business/,0,0,0,27,16,3
2026-06-05,/eupen/business-event-teambuilding/,0,0,0,2,3,0
2026-06-06,/antwerp/business/,0,0,0,25,16,1
2026-06-06,/antwerp/nl/business/,0,0,0,21,13,1
2026-06-06,/eupen/business-event-teambuilding/,1,1,0,4,4,0
2026-06-07,/antwerp/business/,0,0,0,15,10,0
2026-06-07,/antwerp/nl/business/,0,0,0,14,9,0
2026-06-07,/eupen/business-event-teambuilding/,0,0,0,3,3,0
2026-06-07,/eupen/de/firmenveranstaltung/,0,0,0,2,2,0
2026-06-07,/eupen/fr/evenement-entreprise-teambuilding/,0,0,0,1,1,0
2026-06-08,/antwerp/business/,0,0,0,14,11,0
2026-06-08,/antwerp/nl/business/,0,0,0,21,15,0
2026-06-08,/eupen/business-event-teambuilding/,0,0,0,4,4,0
2026-06-08,/eupen/de/firmenveranstaltung/,0,0,0,2,1,1
2026-06-08,/eupen/fr/evenement-entreprise-teambuilding/,0,0,0,1,1,0
2026-06-09,/antwerp/business/,0,0,0,22,12,1
2026-06-09,/antwerp/nl/business/,0,0,0,31,19,2
2026-06-09,/eupen/business-event-teambuilding/,0,0,0,2,2,0
2026-06-10,/antwerp/business/,0,0,0,17,14,0
2026-06-10,/antwerp/nl/business/,0,0,0,25,16,3
2026-06-10,/eupen/business-event-teambuilding/,0,0,0,1,1,0
2026-06-10,/eupen/fr/evenement-entreprise-teambuilding/,0,0,0,1,1,1
2026-06-11,/antwerp/business/,0,0,0,31,19,0
2026-06-11,/antwerp/nl/business/,1,1,0,25,15,0
2026-06-11,/eupen/business-event-teambuilding/,0,0,0,2,3,0
2026-06-11,/eupen/fr/evenement-entreprise-teambuilding/,0,0,0,1,1,1
2026-06-12,/antwerp/business/,0,0,0,24,18,1
2026-06-12,/antwerp/nl/business/,0,0,0,33,19,2
2026-06-12,/eupen/business-event-teambuilding/,0,0,0,4,3,0
2026-06-12,/eupen/de/firmenveranstaltung/,0,0,0,5,4,0
2026-06-13,/antwerp/business/,0,0,0,6,4,0
2026-06-13,/antwerp/nl/business/,0,0,0,12,8,0
2026-06-13,/eupen/business-event-teambuilding/,0,0,0,5,3,1
2026-06-13,/eupen/fr/evenement-entreprise-teambuilding/,0,0,0,4,2,0
2026-06-14,/antwerp/business/,0,0,0,20,9,0
2026-06-14,/antwerp/nl/business/,0,0,0,8,5,0
2026-06-14,/eupen/business-event-teambuilding/,0,0,0,2,2,0
2026-06-14,/eupen/fr/evenement-entreprise-teambuilding/,0,0,0,3,3,0
2026-06-15,/antwerp/business/,0,0,0,18,11,1
2026-06-15,/antwerp/nl/business/,0,0,0,21,16,5
2026-06-15,/eupen/business-event-teambuilding/,0,0,0,2,2,0
2026-06-15,/eupen/de/firmenveranstaltung/,2,1,0,4,3,0
2026-06-15,/eupen/fr/evenement-entreprise-teambuilding/,0,0,0,2,2,0
2026-06-16,/antwerp/business/,1,1,0,46,28,1
2026-06-16,/antwerp/nl/business/,0,0,0,24,14,0
2026-06-16,/eupen/business-event-teambuilding/,0,0,0,4,3,1
2026-06-16,/eupen/de/firmenveranstaltung/,0,0,0,1,1,0
2026-06-16,/eupen/fr/evenement-entreprise-teambuilding/,0,0,0,8,5,0
2026-06-17,/antwerp/business/,2,1,0,18,17,1
2026-06-17,/antwerp/nl/business/,0,0,0,17,13,0
2026-06-17,/eupen/business-event-teambuilding/,0,0,0,1,1,0
2026-06-17,/eupen/de/firmenveranstaltung/,0,0,0,3,3,0
2026-06-17,/eupen/fr/evenement-entreprise-teambuilding/,0,0,0,2,1,0
2026-06-18,/antwerp/business/,0,0,0,18,17,4
2026-06-18,/antwerp/nl/business/,0,0,0,11,12,0
2026-06-18,/eupen/business-event-teambuilding/,0,0,0,4,4,0
2026-06-18,/eupen/de/firmenveranstaltung/,0,0,0,3,2,0
2026-06-18,/eupen/fr/evenement-entreprise-teambuilding/,0,0,0,6,4,0
2026-06-19,/antwerp/business/,0,0,0,17,10,3
2026-06-19,/antwerp/nl/business/,0,0,0,18,12,2
2026-06-19,/eupen/business-event-teambuilding/,0,0,0,1,1,0
2026-06-19,/eupen/de/firmenveranstaltung/,0,0,0,3,3,0
2026-06-19,/eupen/fr/evenement-entreprise-teambuilding/,0,0,0,1,2,0
2026-06-20,/antwerp/business/,0,0,0,10,8,1
2026-06-20,/antwerp/nl/business/,0,0,0,13,9,1
2026-06-21,/antwerp/business/,0,0,0,13,8,0
2026-06-21,/antwerp/nl/business/,0,0,0,6,5,0
2026-06-21,/eupen/business-event-teambuilding/,0,0,0,2,1,1
2026-06-21,/eupen/de/firmenveranstaltung/,0,0,0,5,3,0
2026-06-21,/eupen/fr/evenement-entreprise-teambuilding/,0,0,0,1,1,0
2026-06-22,/antwerp/business/,0,0,0,21,15,1
2026-06-22,/antwerp/nl/business/,0,0,0,10,9,0
2026-06-22,/eupen/de/firmenveranstaltung/,0,0,0,5,3,0
2026-06-22,/eupen/fr/evenement-entreprise-teambuilding/,0,0,0,2,2,0
2026-06-23,/antwerp/business/,0,0,0,25,17,0
2026-06-23,/antwerp/nl/business/,0,0,0,16,12,0
2026-06-23,/eupen/business-event-teambuilding/,0,0,0,3,3,1
2026-06-23,/eupen/de/firmenveranstaltung/,0,0,0,6,6,0
2026-06-24,/antwerp/business/,2,2,0,23,17,3
2026-06-24,/antwerp/nl/business/,0,0,0,17,9,0
2026-06-24,/eupen/business-event-teambuilding/,0,0,0,2,1,0
2026-06-24,/eupen/de/firmenveranstaltung/,0,0,0,4,3,1
2026-06-25,/antwerp/business/,0,0,0,30,16,1
2026-06-25,/antwerp/nl/business/,0,0,0,10,8,0
2026-06-25,/eupen/business-event-teambuilding/,0,0,0,3,3,0
2026-06-25,/eupen/de/firmenveranstaltung/,0,0,0,4,4,1
2026-06-25,/eupen/fr/evenement-entreprise-teambuilding/,0,0,0,1,1,0
2026-06-26,/antwerp/business/,0,0,0,17,8,1
2026-06-26,/antwerp/nl/business/,0,0,0,16,11,0
2026-06-26,/eupen/business-event-teambuilding/,0,0,0,2,2,0
2026-06-26,/eupen/fr/evenement-entreprise-teambuilding/,0,0,0,3,3,0
2026-06-27,/antwerp/business/,0,0,0,33,20,1
2026-06-27,/antwerp/nl/business/,0,0,0,9,6,0
2026-06-27,/eupen/business-event-teambuilding/,0,0,0,1,1,0
2026-06-27,/eupen/de/firmenveranstaltung/,0,0,0,2,2,0
2026-06-27,/eupen/fr/evenement-entreprise-teambuilding/,0,0,0,1,1,0
2026-06-28,/antwerp/business/,0,0,0,20,7,0
2026-06-28,/antwerp/nl/business/,0,0,0,17,11,1
2026-06-28,/eupen/fr/evenement-entreprise-teambuilding/,0,0,0,1,1,0
2026-06-29,/antwerp/business/,0,0,0,21,14,0
2026-06-29,/antwerp/nl/business/,0,0,0,17,14,3
2026-06-29,/eupen/business-event-teambuilding/,0,0,0,1,1,0
2026-06-29,/eupen/de/firmenveranstaltung/,0,0,0,3,3,0
2026-06-29,/eupen/fr/evenement-entreprise-teambuilding/,0,0,0,2,2,0
2026-06-30,/antwerp/business/,0,0,0,25,19,2
2026-06-30,/antwerp/nl/business/,0,0,0,18,13,1
2026-06-30,/eupen/business-event-teambuilding/,0,0,0,1,1,0
2026-06-30,/eupen/fr/evenement-entreprise-teambuilding/,0,0,0,1,1,0
2026-07-01,/antwerp/business/,1,1,1,28,17,5
2026-07-01,/antwerp/nl/business/,0,0,0,6,4,0
2026-07-01,/eupen/business-event-teambuilding/,0,0,0,1,1,0
2026-07-01,/eupen/de/firmenveranstaltung/,0,0,0,3,3,0
2026-07-02,/antwerp/business-event-discovery-call/,0,0,0,9,6,1
2026-07-02,/antwerp/business-events/,0,0,0,3,3,1
2026-07-02,/antwerp/business/,0,0,0,8,6,0
2026-07-02,/antwerp/nl/business-event-discovery-call/,0,0,0,1,1,1
2026-07-02,/antwerp/nl/business-events/,0,0,0,3,3,0
2026-07-02,/antwerp/nl/business/,0,0,0,17,11,0
2026-07-02,/eupen/business-event-teambuilding/,0,0,0,2,2,0
2026-07-02,/eupen/de/firmenveranstaltung/,0,0,0,2,2,0
2026-07-03,/antwerp/business-event-discovery-call/,0,0,0,28,16,0
2026-07-03,/antwerp/business-events/,0,0,0,6,4,0
2026-07-03,/antwerp/nl/business-events/,0,0,0,2,2,1
2026-07-03,/antwerp/nl/business/,0,0,0,7,7,0
2026-07-03,/eupen/business-event-teambuilding/,0,0,0,1,1,0
2026-07-03,/eupen/de/firmenveranstaltung/,0,0,0,4,3,0
2026-07-03,/eupen/fr/evenement-entreprise-teambuilding/,0,0,0,1,1,0
2026-07-04,/antwerp/business-event-discovery-call/,0,0,0,15,12,1
2026-07-04,/antwerp/business-events/,0,0,0,1,1,0
2026-07-04,/antwerp/nl/business-events/,0,0,0,1,1,0
2026-07-04,/antwerp/nl/business/,0,0,0,5,5,0
2026-07-04,/eupen/business-event-teambuilding/,0,0,0,2,2,0
2026-07-04,/eupen/de/firmenveranstaltung/,0,0,0,3,3,0
2026-07-04,/eupen/fr/evenement-entreprise-teambuilding/,0,0,0,2,2,0
2026-07-05,/antwerp/business-event-discovery-call/,0,0,0,25,13,0
2026-07-05,/antwerp/nl/business-event-discovery-call/,0,0,0,3,2,0
2026-07-05,/antwerp/nl/business-events/,0,0,0,3,2,0
2026-07-05,/antwerp/nl/business/,0,0,0,7,6,0
2026-07-05,/eupen/business-event-teambuilding/,0,0,0,2,1,0
2026-07-05,/eupen/de/firmenveranstaltung/,0,0,0,2,1,0
2026-07-05,/eupen/fr/evenement-entreprise-teambuilding/,0,0,0,1,1,0
2026-07-06,/antwerp/business-event-discovery-call/,0,0,0,18,9,0
2026-07-06,/antwerp/business-events/,0,0,0,2,2,0
2026-07-06,/antwerp/nl/business-events/,0,0,0,9,9,0
2026-07-06,/antwerp/nl/business/,0,0,0,7,7,0
2026-07-06,/eupen/business-event-teambuilding/,0,0,0,3,4,0
2026-07-07,/antwerp/business-event-aftermovie/,0,0,0,28,18,9
2026-07-07,/antwerp/business-event-discovery-call/,0,0,0,1,1,0
2026-07-07,/antwerp/business-events/,0,0,0,12,13,2
2026-07-07,/antwerp/nl/business-events/,0,0,0,20,10,2
2026-07-07,/antwerp/nl/business/,0,0,0,12,7,0
2026-07-07,/eupen/business-event-teambuilding/,0,0,0,1,1,0
2026-07-07,/eupen/de/firmenveranstaltung/,0,0,0,2,3,0
2026-07-07,/eupen/fr/evenement-entreprise-teambuilding/,0,0,0,2,2,0
2026-07-08,/antwerp/business-event-aftermovie/,0,0,0,17,11,1
2026-07-08,/antwerp/business-events/,0,0,0,2,3,0
2026-07-08,/antwerp/nl/business-event-discovery-call/,0,0,0,1,1,0
2026-07-08,/antwerp/nl/business-events/,0,0,0,12,6,1
2026-07-08,/antwerp/nl/business/,0,0,0,8,8,0
2026-07-08,/eupen/business-event-teambuilding/,0,0,0,2,2,0
2026-07-08,/eupen/de/firmenveranstaltung/,0,0,0,1,1,0
2026-07-08,/eupen/fr/evenement-entreprise-teambuilding/,0,0,0,1,1,0
2026-07-09,/antwerp/business-event-aftermovie/,0,0,0,17,11,5
2026-07-09,/antwerp/business-event-discovery-call/,0,0,0,1,1,0
2026-07-09,/antwerp/business-events/,0,0,0,12,9,0
2026-07-09,/antwerp/nl/business-event-discovery-call/,0,0,0,1,1,0
2026-07-09,/antwerp/nl/business-events/,0,0,0,6,4,0
2026-07-09,/antwerp/nl/business/,0,0,0,4,3,0
2026-07-09,/eupen/business-event-teambuilding/,0,0,0,4,4,0
2026-07-09,/eupen/de/firmenveranstaltung/,0,0,0,4,4,0
2026-07-10,/antwerp/business-event-aftermovie/,0,0,0,35,26,5
2026-07-10,/antwerp/business-event-discovery-call/,0,0,0,2,1,0
2026-07-10,/antwerp/business-events/,0,0,0,35,8,0
2026-07-10,/antwerp/nl/business-event-discovery-call/,0,0,0,4,2,0
2026-07-10,/antwerp/nl/business-events/,0,0,0,26,8,0
2026-07-10,/antwerp/nl/business/,0,0,0,1,1,0
2026-07-10,/eupen/business-event-teambuilding/,0,0,0,10,6,0
2026-07-10,/eupen/de/firmenveranstaltung/,0,0,0,4,4,0
2026-07-10,/eupen/fr/evenement-entreprise-teambuilding/,0,0,0,4,2,0
2026-07-11,/antwerp/business-event-aftermovie/,0,0,0,33,18,0
2026-07-11,/antwerp/nl/business/,0,0,0,11,7,0
2026-07-11,/eupen/business-event-teambuilding/,0,0,0,3,4,0
2026-07-11,/eupen/de/firmenveranstaltung/,0,0,0,1,1,0
2026-07-12,/antwerp/business-event-aftermovie/,0,0,0,28,15,2
2026-07-12,/antwerp/nl/business-events/,0,0,0,1,1,0
2026-07-12,/antwerp/nl/business/,0,0,0,16,11,1
2026-07-12,/eupen/business-event-teambuilding/,0,0,0,1,1,0
2026-07-12,/eupen/de/firmenveranstaltung/,0,0,0,3,2,0
2026-07-12,/eupen/fr/evenement-entreprise-teambuilding/,0,0,0,3,3,0
2026-07-13,/antwerp/business-event-aftermovie/,0,0,0,15,12,0
2026-07-13,/antwerp/business-event-discovery-call/,0,0,0,27,2,0
2026-07-13,/antwerp/business-events/,0,0,0,14,5,0
2026-07-13,/antwerp/nl/business-event-discovery-call/,0,0,0,12,2,0
2026-07-13,/antwerp/nl/business-events/,0,0,0,21,9,2
2026-07-13,/antwerp/nl/business/,0,0,0,5,3,0
2026-07-13,/eupen/business-event-teambuilding/,0,0,0,1,2,0
2026-07-13,/eupen/de/firmenveranstaltung/,0,0,0,3,3,0
2026-07-14,/antwerp/business-event-aftermovie/,0,0,0,20,12,2
2026-07-14,/antwerp/business-event-discovery-call/,0,0,0,13,3,0
2026-07-14,/antwerp/business-events/,0,0,0,17,6,0
2026-07-14,/antwerp/nl/business-event-discovery-call/,0,0,0,16,1,0
2026-07-14,/antwerp/nl/business-events/,1,1,0,14,6,0
2026-07-14,/antwerp/nl/business/,1,1,0,11,11,1
2026-07-14,/eupen/business-event-teambuilding/,0,0,0,1,1,0
2026-07-14,/eupen/de/firmenveranstaltung/,0,0,0,6,3,0
2026-07-15,/antwerp/business-event-aftermovie/,0,0,0,42,22,4
2026-07-15,/antwerp/business-event-discovery-call/,0,0,0,1,1,0
2026-07-15,/antwerp/business-events/,0,0,0,4,5,1
2026-07-15,/antwerp/nl/business-events/,0,0,0,3,3,1
2026-07-15,/antwerp/nl/business/,0,0,0,18,13,0
2026-07-15,/eupen/business-event-teambuilding/,0,0,0,1,1,0
2026-07-15,/eupen/de/firmenveranstaltung/,0,0,0,5,4,0
2026-07-15,/eupen/fr/evenement-entreprise-teambuilding/,0,0,0,0,1,0
2026-07-16,/antwerp/business-event-aftermovie/,0,0,0,30,10,0
2026-07-16,/antwerp/business-event-discovery-call/,0,0,0,10,5,0
2026-07-16,/antwerp/business-events/,0,0,0,37,22,0
2026-07-16,/antwerp/business/,0,0,0,2,1,0
2026-07-16,/antwerp/nl/business-event-discovery-call/,0,0,0,6,5,1
2026-07-16,/antwerp/nl/business-events/,0,0,0,32,27,2
2026-07-16,/antwerp/nl/business/,1,1,0,15,8,0
2026-07-16,/eupen/business-event-teambuilding/,0,0,0,1,1,0
2026-07-16,/eupen/de/firmenveranstaltung/,0,0,0,1,1,0
2026-07-17,/antwerp/business-event-aftermovie/,0,0,0,7,6,1
2026-07-17,/antwerp/business-events/,0,0,0,33,28,1
2026-07-17,/antwerp/nl/business-events/,0,0,0,36,26,1
2026-07-17,/eupen/business-event-teambuilding/,0,0,0,1,1,0
2026-07-17,/eupen/de/firmenveranstaltung/,0,0,0,4,4,0
2026-07-17,/eupen/fr/evenement-entreprise-teambuilding/,0,0,0,2,2,0
2026-07-18,/antwerp/business-event-aftermovie/,0,0,0,7,4,2
2026-07-18,/antwerp/business-event-discovery-call/,0,0,0,1,1,0
2026-07-18,/antwerp/business-events/,0,0,0,33,27,0
2026-07-18,/antwerp/nl/business-events/,0,0,0,38,31,1
2026-07-18,/eupen/business-event-teambuilding/,0,0,0,1,1,0
2026-07-18,/eupen/de/firmenveranstaltung/,0,0,0,1,1,0
2026-07-18,/eupen/fr/evenement-entreprise-teambuilding/,0,0,0,2,2,0
2026-07-19,/antwerp/business-event-aftermovie/,0,0,0,5,4,0
2026-07-19,/antwerp/business-event-discovery-call/,0,0,0,2,2,0
2026-07-19,/antwerp/business-events/,0,0,0,51,40,2
2026-07-19,/antwerp/nl/business-event-discovery-call/,0,0,0,3,2,1
2026-07-19,/antwerp/nl/business-events/,1,1,0,45,37,1
2026-07-19,/eupen/business-event-teambuilding/,0,0,0,1,1,0
2026-07-19,/eupen/de/firmenveranstaltung/,0,0,0,2,2,0
2026-07-19,/eupen/fr/evenement-entreprise-teambuilding/,0,0,0,5,4,1
2026-07-20,/antwerp/business-event-aftermovie/,0,0,0,6,5,1
2026-07-20,/antwerp/business-event-discovery-call/,0,0,0,3,2,1
2026-07-20,/antwerp/business-events/,1,1,0,28,27,1
2026-07-20,/antwerp/nl/business-event-discovery-call/,0,0,0,2,2,0
2026-07-20,/antwerp/nl/business-events/,0,0,0,34,29,1
2026-07-20,/eupen/business-event-teambuilding/,0,0,0,2,2,0
2026-07-20,/eupen/de/firmenveranstaltung/,0,0,0,4,4,0
2026-07-20,/eupen/fr/evenement-entreprise-teambuilding/,0,0,0,2,2,1
2026-07-21,/antwerp/business-event-aftermovie/,0,0,0,1,1,1
2026-07-21,/antwerp/business-event-discovery-call/,0,0,0,5,3,0
2026-07-21,/antwerp/business-events/,1,1,0,34,30,3
2026-07-21,/antwerp/nl/business-event-discovery-call/,0,0,0,2,2,0
2026-07-21,/antwerp/nl/business-events/,0,0,0,40,33,1
2026-07-21,/eupen/business-event-teambuilding/,0,0,0,1,1,0
2026-07-21,/eupen/de/firmenveranstaltung/,0,0,0,3,3,0
2026-07-21,/eupen/fr/evenement-entreprise-teambuilding/,0,0,0,1,1,0
2026-07-22,/antwerp/business-event-aftermovie/,0,0,0,7,5,2
2026-07-22,/antwerp/business-event-discovery-call/,0,0,0,2,2,0
2026-07-22,/antwerp/business-events/,1,1,0,56,52,5
2026-07-22,/antwerp/nl/business-events/,0,0,0,44,40,4
2026-07-22,/eupen/business-event-teambuilding/,0,0,0,6,5,0
2026-07-22,/eupen/de/firmenveranstaltung/,0,0,0,2,2,0
2026-07-23,/antwerp/business-event-aftermovie/,0,0,0,2,2,1
2026-07-23,/antwerp/business-event-discovery-call/,0,0,0,2,1,0
2026-07-23,/antwerp/business-events/,0,0,0,55,47,2
2026-07-23,/antwerp/nl/business-event-discovery-call/,0,0,0,4,2,0
2026-07-23,/antwerp/nl/business-events/,0,0,0,63,47,7
2026-07-23,/eupen/business-event-teambuilding/,0,0,0,2,2,0
2026-07-23,/eupen/de/firmenveranstaltung/,0,0,0,1,1,0
2026-07-24,/antwerp/business-event-aftermovie/,0,0,0,4,3,2
2026-07-24,/antwerp/business-event-discovery-call/,0,0,0,1,1,0
2026-07-24,/antwerp/business-events/,0,0,0,42,33,1
2026-07-24,/antwerp/nl/business-events/,0,0,0,40,33,3
2026-07-24,/eupen/business-event-teambuilding/,0,0,0,3,3,0
2026-07-24,/eupen/de/firmenveranstaltung/,0,0,0,2,2,0
2026-07-24,/eupen/fr/evenement-entreprise-teambuilding/,0,0,0,3,3,0
2026-07-25,/antwerp/business-event-aftermovie/,0,0,0,1,1,1
2026-07-25,/antwerp/business-event-discovery-call/,0,0,0,5,3,0
2026-07-25,/antwerp/business-events/,0,0,0,36,29,1
2026-07-25,/antwerp/nl/business-event-discovery-call/,0,0,0,1,1,0
2026-07-25,/antwerp/nl/business-events/,0,0,0,42,33,4
2026-07-25,/eupen/business-event-teambuilding/,0,0,0,4,4,2
2026-07-25,/eupen/de/firmenveranstaltung/,0,0,0,2,2,0
2026-07-26,/antwerp/business-event-aftermovie/,0,0,0,2,1,0
2026-07-26,/antwerp/business-event-discovery-call/,0,0,0,2,1,0
2026-07-26,/antwerp/business-events/,1,1,0,32,29,2
2026-07-26,/antwerp/nl/business-events/,1,1,0,35,30,1
2026-07-26,/eupen/de/firmenveranstaltung/,0,0,0,9,9,1
2026-07-26,/eupen/fr/evenement-entreprise-teambuilding/,0,0,0,1,1,0
2026-07-27,/antwerp/business-event-aftermovie/,0,0,0,8,4,0
2026-07-27,/antwerp/business-events/,1,1,0,26,23,1
2026-07-27,/antwerp/nl/business-event-discovery-call/,0,0,0,1,1,0
2026-07-27,/antwerp/nl/business-events/,0,0,0,34,27,1
2026-07-27,/eupen/business-event-teambuilding/,0,0,0,5,5,0
2026-07-27,/eupen/de/firmenveranstaltung/,0,0,0,4,3,0
2026-07-27,/eupen/fr/evenement-entreprise-teambuilding/,0,0,0,3,3,1
2026-07-28,/antwerp/business-event-aftermovie/,0,0,0,8,4,2
2026-07-28,/antwerp/business-event-discovery-call/,0,0,0,13,5,0
2026-07-28,/antwerp/business-events/,0,0,0,54,37,4
2026-07-28,/antwerp/nl/business-event-discovery-call/,0,0,0,3,2,0
2026-07-28,/antwerp/nl/business-events/,0,0,0,35,27,0
2026-07-28,/eupen/business-event-teambuilding/,0,0,0,6,4,0
2026-07-28,/eupen/de/firmenveranstaltung/,0,0,0,3,3,0
2026-07-28,/eupen/fr/evenement-entreprise-teambuilding/,0,0,0,3,2,0
2026-07-29,/antwerp/business-event-aftermovie/,0,0,0,8,5,1
2026-07-29,/antwerp/business-event-discovery-call/,0,0,0,9,5,1
2026-07-29,/antwerp/business-events/,0,0,0,23,18,0
2026-07-29,/antwerp/nl/business-event-discovery-call/,0,0,0,1,1,0
2026-07-29,/antwerp/nl/business-events/,0,0,0,19,16,1
2026-07-29,/eupen/business-event-teambuilding/,0,0,0,6,5,0
2026-07-29,/eupen/de/firmenveranstaltung/,0,0,0,2,2,0
2026-07-29,/eupen/fr/evenement-entreprise-teambuilding/,0,0,0,0,1,0
2026-07-30,/antwerp/business-event-aftermovie/,0,0,0,9,7,5
2026-07-30,/antwerp/business-event-discovery-call/,0,0,0,3,2,0
2026-07-30,/antwerp/business-events/,0,0,0,53,44,3
2026-07-30,/antwerp/nl/business-event-discovery-call/,0,0,0,3,2,0
2026-07-30,/antwerp/nl/business-events/,1,1,0,49,38,3
2026-07-30,/eupen/business-event-teambuilding/,0,0,0,2,2,0
2026-07-30,/eupen/de/firmenveranstaltung/,0,0,0,3,3,0
2026-07-30,/eupen/fr/evenement-entreprise-teambuilding/,0,0,0,1,2,0
2026-07-31,/antwerp/business-event-aftermovie/,0,0,0,6,6,1
2026-07-31,/antwerp/business-event-discovery-call/,0,0,0,21,4,2
2026-07-31,/antwerp/business-events/,0,0,0,55,37,2
2026-07-31,/antwerp/business/,0,0,0,4,3,0
2026-07-31,/antwerp/nl/business-event-discovery-call/,0,0,0,13,3,1
2026-07-31,/antwerp/nl/business-events/,0,0,0,51,38,1
2026-07-31,/antwerp/nl/business/,0,0,0,2,1,0
2026-07-31,/antwerp/nl/teambuilding/,0,0,0,4,3,0
2026-07-31,/antwerp/teambuilding/,0,0,0,10,4,1
2026-07-31,/eupen/business-event-teambuilding/,0,0,0,1,1,0
2026-07-31,/eupen/de/firmenveranstaltung/,0,0,0,2,1,0
2026-08-01,/antwerp/business-event-aftermovie/,0,0,0,4,2,0
2026-08-01,/antwerp/business-event-discovery-call/,0,0,0,8,2,0
2026-08-01,/antwerp/business-events/,0,0,0,39,34,0
2026-08-01,/antwerp/nl/business-event-discovery-call/,0,0,0,1,1,1
2026-08-01,/antwerp/nl/business-events/,1,1,0,44,40,4
2026-08-01,/eupen/business-event-teambuilding/,0,0,0,1,1,0
2026-08-01,/eupen/de/firmenveranstaltung/,0,0,0,3,3,0
2026-08-01,/eupen/fr/evenement-entreprise-teambuilding/,0,0,0,1,1,0
2026-08-02,/antwerp/business-event-aftermovie/,0,0,0,10,5,1
2026-08-02,/antwerp/business-event-discovery-call/,0,0,0,4,2,0
2026-08-02,/antwerp/business-events/,1,1,0,57,51,0
2026-08-02,/antwerp/nl/business-event-discovery-call/,0,0,0,2,1,0
2026-08-02,/antwerp/nl/business-events/,1,1,0,49,41,2
2026-08-02,/eupen/business-event-teambuilding/,0,0,0,2,2,0
2026-08-02,/eupen/de/firmenveranstaltung/,1,1,0,9,9,0
2026-08-02,/eupen/fr/evenement-entreprise-teambuilding/,0,0,0,1,1,0
2026-08-03,/antwerp/business-event-aftermovie/,0,0,0,2,2,1
2026-08-03,/antwerp/business-event-discovery-call/,0,0,0,8,4,0
2026-08-03,/antwerp/business-events/,0,0,0,64,56,1
2026-08-03,/antwerp/nl/bedrijfsevent/,0,0,0,41,35,1
2026-08-03,/antwerp/nl/business-event-discovery-call/,0,0,0,6,2,0
2026-08-03,/antwerp/nl/business-events/,0,0,0,11,9,0
2026-08-03,/antwerp/nl/business/,0,0,0,5,2,0
2026-08-03,/antwerp/nl/teambuilding/,0,0,0,10,11,0
2026-08-03,/antwerp/teambuilding/,0,0,0,19,12,4
2026-08-03,/eupen/business-event-teambuilding/,0,0,0,4,4,0
2026-08-03,/eupen/de/firmenveranstaltung/,0,0,0,6,5,0
2026-08-04,/antwerp/business-event-aftermovie/,0,0,0,1,1,1
2026-08-04,/antwerp/business-event-discovery-call/,0,0,0,6,4,0
2026-08-04,/antwerp/business-events/,0,0,0,52,41,3
2026-08-04,/antwerp/nl/bedrijfsevent/,0,0,0,37,30,0
2026-08-04,/antwerp/nl/business-event-discovery-call/,0,0,0,4,2,0
2026-08-04,/antwerp/nl/teambuilding/,0,0,0,16,13,0
2026-08-04,/antwerp/teambuilding/,0,0,0,26,20,2
2026-08-04,/eupen/business-event-teambuilding/,0,0,0,2,1,0
2026-08-04,/eupen/de/firmenveranstaltung/,0,0,0,3,2,0
2026-08-04,/eupen/fr/evenement-entreprise-teambuilding/,0,0,0,1,1,0
2026-08-05,/antwerp/business-event-aftermovie/,0,0,0,2,2,2
2026-08-05,/antwerp/business-event-discovery-call/,0,0,0,12,8,1
2026-08-05,/antwerp/business-events/,0,0,0,58,45,2
2026-08-05,/antwerp/nl/bedrijfsevent/,0,0,0,51,42,2
2026-08-05,/antwerp/nl/business-event-discovery-call/,0,0,0,3,2,1
2026-08-05,/antwerp/nl/teambuilding/,0,0,0,20,15,2
2026-08-05,/antwerp/teambuilding/,0,0,0,31,22,7
2026-08-05,/eupen/business-event-teambuilding/,0,0,0,1,1,0
2026-08-05,/eupen/de/firmenveranstaltung/,0,0,0,8,6,1
2026-08-05,/eupen/fr/evenement-entreprise-teambuilding/,0,0,0,2,2,0
2026-08-06,/antwerp/business-event-discovery-call/,0,0,0,12,6,0
2026-08-06,/antwerp/business-events/,1,1,0,60,48,2
2026-08-06,/antwerp/nl/bedrijfsevent/,0,0,0,52,45,2
2026-08-06,/antwerp/nl/business-event-discovery-call/,0,0,0,2,2,0
2026-08-06,/antwerp/nl/teambuilding/,0,0,0,23,16,0
2026-08-06,/antwerp/teambuilding/,0,0,0,13,8,0
2026-08-06,/eupen/business-event-teambuilding/,0,0,0,2,2,0
2026-08-06,/eupen/de/firmenveranstaltung/,0,0,0,8,8,1
2026-08-07,/antwerp/business-event-discovery-call/,0,0,0,4,3,0
2026-08-07,/antwerp/business-events/,0,0,0,53,47,4
2026-08-07,/antwerp/nl/bedrijfsevent/,0,0,0,46,39,4
2026-08-07,/antwerp/nl/business-event-discovery-call/,0,0,0,4,3,0
2026-08-07,/antwerp/nl/teambuilding/,0,0,0,29,24,1
2026-08-07,/antwerp/teambuilding/,0,0,0,20,18,4
2026-08-07,/eupen/business-event-teambuilding/,0,0,0,5,4,1
2026-08-07,/eupen/de/firmenveranstaltung/,0,0,0,1,1,0
2026-08-08,/antwerp/business-event-discovery-call/,0,0,0,14,5,0
2026-08-08,/antwerp/business-events/,0,0,0,61,52,5
2026-08-08,/antwerp/nl/bedrijfsevent/,0,0,0,71,61,3
2026-08-08,/antwerp/nl/business-event-discovery-call/,0,0,0,1,1,0
2026-08-08,/antwerp/nl/teambuilding/,0,0,0,25,17,7
2026-08-08,/antwerp/teambuilding/,0,0,0,26,23,10
2026-08-08,/eupen/business-event-teambuilding/,0,0,0,1,1,0
2026-08-08,/eupen/de/firmenveranstaltung/,0,0,0,1,1,0
2026-08-09,/antwerp/business-event-discovery-call/,2,1,0,10,5,1
2026-08-09,/antwerp/business-events/,5,3,0,63,50,1
2026-08-09,/antwerp/nl/bedrijfsevent/,0,0,0,70,57,1
2026-08-09,/antwerp/nl/business-event-discovery-call/,0,0,0,1,1,0
2026-08-09,/antwerp/nl/teambuilding/,1,1,0,10,10,2
2026-08-09,/antwerp/teambuilding/,0,0,0,13,12,3
2026-08-09,/eupen/business-event-teambuilding/,0,0,0,2,2,0
2026-08-09,/eupen/de/firmenveranstaltung/,0,0,0,9,5,0
2026-08-09,/eupen/fr/evenement-entreprise-teambuilding/,0,0,0,1,1,0
2026-08-10,/antwerp/business-event-discovery-call/,0,0,0,12,6,0
2026-08-10,/antwerp/business-events/,0,0,0,65,51,7
2026-08-10,/antwerp/nl/bedrijfsevent/,1,1,0,49,39,3
2026-08-10,/antwerp/nl/business-event-discovery-call/,0,0,0,6,3,0
2026-08-10,/antwerp/nl/teambuilding/,0,0,0,29,22,1
2026-08-10,/antwerp/teambuilding/,1,2,0,28,26,12
2026-08-10,/eupen/de/firmenveranstaltung/,0,0,0,3,3,1
2026-08-10,/eupen/fr/evenement-entreprise-teambuilding/,0,0,0,2,2,0
2026-08-11,/antwerp/business-event-discovery-call/,0,0,0,16,9,0
2026-08-11,/antwerp/business-events/,1,1,0,67,61,2
2026-08-11,/antwerp/nl/bedrijfsevent/,0,0,0,37,34,0
2026-08-11,/antwerp/nl/business-event-discovery-call/,0,0,0,6,2,0
2026-08-11,/antwerp/nl/teambuilding/,1,2,0,22,19,2
2026-08-11,/antwerp/teambuilding/,1,1,0,47,43,29
2026-08-11,/eupen/business-event-teambuilding/,0,0,0,2,2,0
2026-08-11,/eupen/de/firmenveranstaltung/,0,0,0,3,2,0
2026-08-11,/eupen/fr/evenement-entreprise-teambuilding/,0,0,0,2,2,0
2026-08-12,/antwerp/business-event-discovery-call/,0,0,0,8,4,0
2026-08-12,/antwerp/business-events/,0,0,0,31,26,1
2026-08-12,/antwerp/nl/bedrijfsevent/,0,0,0,10,10,2
2026-08-12,/antwerp/nl/business-event-discovery-call/,0,0,0,1,1,0
2026-08-12,/antwerp/nl/teambuilding/,0,0,0,15,12,0
2026-08-12,/antwerp/teambuilding/,1,1,0,43,32,16
2026-08-12,/eupen/business-event-teambuilding/,0,0,0,1,1,0
2026-08-12,/eupen/de/firmenveranstaltung/,0,0,0,1,1,0
2026-08-12,/eupen/fr/evenement-entreprise-teambuilding/,0,0,0,1,1,0
2026-08-13,/antwerp/business-events/,0,0,0,6,5,1
2026-08-13,/antwerp/nl/bedrijfsevent/,0,0,0,7,6,1
2026-08-13,/antwerp/nl/business-event-discovery-call/,0,0,0,1,1,0
2026-08-13,/antwerp/nl/teambuilding/,0,0,0,15,9,0
2026-08-13,/antwerp/teambuilding/,0,0,0,23,20,7
2026-08-13,/eupen/business-event-teambuilding/,0,0,0,3,3,0
2026-08-14,/antwerp/business-events/,0,0,0,7,6,0
2026-08-14,/antwerp/nl/bedrijfsevent/,0,0,0,6,6,2
2026-08-14,/antwerp/nl/teambuilding/,0,0,0,25,16,0
2026-08-14,/antwerp/teambuilding/,0,0,0,8,8,0
2026-08-14,/eupen/business-event-teambuilding/,0,0,0,1,1,0
2026-08-14,/eupen/de/firmenveranstaltung/,0,0,0,2,2,0
2026-08-14,/eupen/fr/evenement-entreprise-teambuilding/,0,0,0,4,3,0
2026-08-15,/antwerp/business-event-discovery-call/,0,0,0,6,5,1
2026-08-15,/antwerp/business-events/,0,0,0,3,3,0
2026-08-15,/antwerp/nl/bedrijfsevent/,0,0,0,1,2,0
2026-08-15,/antwerp/nl/teambuilding/,0,0,0,6,5,2
2026-08-15,/antwerp/teambuilding/,0,0,0,17,11,4
2026-08-15,/eupen/business-event-teambuilding/,0,0,0,1,1,0
2026-08-15,/eupen/de/firmenveranstaltung/,0,0,0,1,1,0
2026-08-15,/eupen/fr/evenement-entreprise-teambuilding/,0,0,0,1,1,0
2026-08-16,/antwerp/business-event-discovery-call/,0,0,0,2,1,0
2026-08-16,/antwerp/business-events/,0,0,0,2,2,0
2026-08-16,/antwerp/nl/bedrijfsevent/,0,0,0,5,3,0
2026-08-16,/antwerp/nl/business-event-discovery-call/,0,0,0,1,1,0
2026-08-16,/antwerp/nl/teambuilding/,0,0,0,7,6,0
2026-08-16,/antwerp/teambuilding/,0,0,0,10,9,5
2026-08-16,/eupen/business-event-teambuilding/,0,0,0,2,2,0
2026-08-16,/eupen/de/firmenveranstaltung/,0,0,0,5,4,0
2026-08-16,/eupen/fr/evenement-entreprise-teambuilding/,0,0,0,1,1,0
2026-08-17,/antwerp/business-event-discovery-call/,0,0,0,3,2,0
2026-08-17,/antwerp/business-events/,0,0,0,3,3,1
2026-08-17,/antwerp/nl/bedrijfsevent/,0,0,0,6,6,0
2026-08-17,/antwerp/nl/business-event-discovery-call/,0,0,0,1,1,0
2026-08-17,/antwerp/nl/teambuilding/,0,0,0,24,18,2
2026-08-17,/antwerp/teambuilding/,0,0,0,29,27,12
2026-08-17,/eupen/business-event-teambuilding/,0,0,0,3,2,0
2026-08-17,/eupen/de/firmenveranstaltung/,0,0,0,3,2,1
2026-08-17,/eupen/fr/evenement-entreprise-teambuilding/,0,0,0,2,2,0
2026-08-18,/antwerp/business-event-aftermovie/,0,0,0,1,1,0
2026-08-18,/antwerp/business-event-discovery-call/,0,0,0,2,1,1
2026-08-18,/antwerp/business-events/,0,0,0,6,6,0
2026-08-18,/antwerp/nl/bedrijfsevent/,0,0,0,5,4,1
2026-08-18,/antwerp/nl/business-event-discovery-call/,0,0,0,1,1,0
2026-08-18,/antwerp/nl/teambuilding/,0,0,0,33,30,5
2026-08-18,/antwerp/teambuilding/,0,0,0,26,23,7
2026-08-18,/eupen/business-event-teambuilding/,0,0,0,3,3,0
2026-08-18,/eupen/de/firmenveranstaltung/,0,0,0,2,2,0
2026-08-18,/eupen/fr/evenement-entreprise-teambuilding/,0,0,0,3,3,0
2026-08-18,/eupen/teambuilding/,0,0,0,2,1,0
2026-08-19,/antwerp/business-event-discovery-call/,0,0,0,3,2,0
2026-08-19,/antwerp/business-events/,1,1,0,5,5,0
2026-08-19,/antwerp/nl/bedrijfsevent/,0,0,0,8,7,0
2026-08-19,/antwerp/nl/teambuilding/,1,1,0,26,23,4
2026-08-19,/antwerp/teambuilding/,0,0,0,19,20,5
2026-08-19,/eupen/business-event-teambuilding/,0,0,0,5,4,0
2026-08-19,/eupen/de/firmenveranstaltung/,0,0,0,6,5,0
2026-08-19,/eupen/fr/evenement-entreprise-teambuilding/,0,0,0,3,2,0
2026-08-20,/antwerp/business-event-discovery-call/,0,0,0,1,1,0
2026-08-20,/antwerp/business-events/,0,0,0,9,7,0
2026-08-20,/antwerp/nl/bedrijfsevent/,0,0,0,1,2,0
2026-08-20,/antwerp/nl/teambuilding/,1,1,0,12,11,2
2026-08-20,/antwerp/teambuilding/,0,0,0,35,22,3
2026-08-20,/eupen/business-event-teambuilding/,0,0,0,3,3,1
2026-08-20,/eupen/de/firmenveranstaltung/,0,0,0,2,2,0
2026-08-20,/eupen/fr/evenement-entreprise-teambuilding/,0,0,0,2,2,1
2026-08-21,/antwerp/business-event-aftermovie/,0,0,0,1,1,0
2026-08-21,/antwerp/business-event-discovery-call/,0,0,0,4,3,0
2026-08-21,/antwerp/business-events/,1,1,0,6,6,1
2026-08-21,/antwerp/nl/bedrijfsevent/,0,0,0,7,6,1
2026-08-21,/antwerp/nl/business-event-discovery-call/,0,0,0,1,1,0
2026-08-21,/antwerp/nl/teambuilding/,2,2,0,43,31,4
2026-08-21,/antwerp/teambuilding/,1,1,0,28,19,3
2026-08-21,/eupen/business-event-teambuilding/,0,0,0,6,3,0
2026-08-21,/eupen/de/firmenveranstaltung/,0,0,0,1,1,0
2026-08-21,/eupen/fr/evenement-entreprise-teambuilding/,0,0,0,2,2,1
2026-08-22,/antwerp/business-events/,0,0,0,5,5,1
2026-08-22,/antwerp/nl/teambuilding/,0,0,0,14,11,1
2026-08-22,/antwerp/teambuilding/,0,0,0,8,8,0
2026-08-22,/eupen/business-event-teambuilding/,0,0,0,1,1,0
2026-08-22,/eupen/de/firmenveranstaltung/,0,0,0,2,2,0
2026-08-23,/antwerp/business-events/,0,0,0,2,2,0
2026-08-23,/antwerp/nl/bedrijfsevent/,0,0,0,3,3,0
2026-08-23,/antwerp/nl/teambuilding/,0,0,0,3,3,1
2026-08-23,/antwerp/teambuilding/,0,0,0,4,4,0
2026-08-23,/eupen/de/firmenveranstaltung/,0,0,0,1,1,0
2026-08-23,/eupen/fr/evenement-entreprise-teambuilding/,0,0,0,3,3,1
2026-08-24,/antwerp/business-event-discovery-call/,0,0,0,2,1,0
2026-08-24,/antwerp/business-events/,1,1,0,7,6,1
2026-08-24,/antwerp/nl/bedrijfsevent/,0,0,0,4,4,0
2026-08-24,/antwerp/nl/business-event-discovery-call/,0,0,0,2,2,0
2026-08-24,/antwerp/nl/teambuilding/,0,0,0,26,21,4
2026-08-24,/antwerp/teambuilding/,1,1,0,24,24,4
2026-08-24,/eupen/business-event-teambuilding/,0,0,0,11,10,1
2026-08-24,/eupen/de/firmenveranstaltung/,0,0,0,9,8,2
2026-08-24,/eupen/fr/evenement-entreprise-teambuilding/,0,0,0,8,8,3
2026-08-25,/antwerp/business-event-discovery-call/,0,0,0,2,1,0
2026-08-25,/antwerp/business-events/,0,0,0,5,5,0
2026-08-25,/antwerp/nl/bedrijfsevent/,0,0,0,10,7,1
2026-08-25,/antwerp/nl/business-event-discovery-call/,0,0,0,4,3,0
2026-08-25,/antwerp/nl/teambuilding/,0,0,0,48,23,3
2026-08-25,/antwerp/teambuilding/,0,0,0,40,32,4
2026-08-25,/eupen/business-event-teambuilding/,0,0,0,3,3,0
2026-08-25,/eupen/de/firmenveranstaltung/,0,0,0,3,2,0
2026-08-25,/eupen/fr/evenement-entreprise-teambuilding/,0,0,0,7,5,0
2026-08-26,/antwerp/business-event-aftermovie/,0,0,0,1,1,0
2026-08-26,/antwerp/business-event-discovery-call/,0,0,0,6,3,0
2026-08-26,/antwerp/business-events/,1,1,0,5,6,1
2026-08-26,/antwerp/nl/bedrijfsevent/,0,0,0,4,4,2
2026-08-26,/antwerp/nl/business-event-discovery-call/,0,0,0,4,4,0
2026-08-26,/antwerp/nl/teambuilding/,0,0,0,38,27,6
2026-08-26,/antwerp/teambuilding/,0,0,0,20,18,4
2026-08-26,/eupen/de/firmenveranstaltung/,0,0,0,6,6,2
2026-08-26,/eupen/fr/evenement-entreprise-teambuilding/,0,0,0,2,1,1
2026-08-27,/antwerp/business-event-discovery-call/,0,0,0,3,2,0
2026-08-27,/antwerp/business-events/,0,0,0,9,4,0
2026-08-27,/antwerp/nl/bedrijfsevent/,0,0,0,18,6,0
2026-08-27,/antwerp/nl/business-event-discovery-call/,0,0,0,1,1,0
2026-08-27,/antwerp/nl/teambuilding/,0,0,0,24,16,3
2026-08-27,/antwerp/teambuilding/,0,0,0,38,27,6
2026-08-27,/eupen/business-event-teambuilding/,0,0,0,3,3,0
2026-08-27,/eupen/de/firmenveranstaltung/,0,0,0,2,2,0
2026-08-27,/eupen/fr/evenement-entreprise-teambuilding/,0,0,0,1,1,1
2026-08-28,/antwerp/business-events/,0,0,0,9,8,1
2026-08-28,/antwerp/nl/bedrijfsevent/,0,0,0,4,5,1
2026-08-28,/antwerp/nl/teambuilding/,0,0,0,26,21,10
2026-08-28,/antwerp/teambuilding/,1,1,0,39,33,10
2026-08-28,/eupen/business-event-teambuilding/,0,0,0,4,2,0
2026-08-28,/eupen/de/firmenveranstaltung/,0,0,0,2,2,0
2026-08-28,/eupen/fr/evenement-entreprise-teambuilding/,0,0,0,1,1,0
2026-08-29,/antwerp/business-events/,0,0,0,5,5,0
2026-08-29,/antwerp/nl/bedrijfsevent/,0,0,0,1,1,0
2026-08-29,/antwerp/nl/teambuilding/,1,1,0,19,16,7
2026-08-29,/antwerp/teambuilding/,0,0,0,4,4,0
2026-08-29,/eupen/business-event-teambuilding/,1,1,0,1,1,0
2026-08-29,/eupen/de/firmenveranstaltung/,0,0,0,3,3,1
2026-08-30,/antwerp/business-event-discovery-call/,0,0,0,1,1,0
2026-08-30,/antwerp/business-events/,0,0,0,3,4,0
2026-08-30,/antwerp/nl/bedrijfsevent/,0,0,0,2,2,0
2026-08-30,/antwerp/nl/teambuilding/,0,0,0,13,10,3
2026-08-30,/antwerp/teambuilding/,0,0,0,10,8,1
2026-08-30,/eupen/business-event-teambuilding/,0,0,0,1,1,0
2026-08-30,/eupen/de/firmenveranstaltung/,0,0,0,5,5,1
2026-08-30,/eupen/fr/evenement-entreprise-teambuilding/,0,0,0,2,2,1
