date,venue,ai_sessions,ai_purchaseRevenue,ai_transactions,ai_keyEvents,ai_engagedSessions,all_sessions,all_purchaseRevenue,all_transactions,all_keyEvents,all_engagedSessions
2025-12-29,all,10,0,0,0,10,2546,5047.0,50,67,1921
2025-12-29,antwerp,7,0,0,0,7,1477,0,0,16,1153
2025-12-29,eupen,3,0,0,0,3,474,0,0,0,377
2025-12-30,all,10,0,0,1,8,2274,3993,41,55,1721
2025-12-30,antwerp,10,0,0,1,8,1357,0,0,14,1063
2025-12-30,eupen,0,0,0,0,0,401,0,0,0,318
2025-12-31,all,5,0,0,0,5,1333,2436.0,21,24,973
2025-12-31,antwerp,5,0,0,0,5,900,0,0,3,701
2025-12-31,eupen,0,0,0,0,0,172,0,0,0,129
2026-01-01,all,8,0,0,0,5,1831,5548.0,42,45,1421
2026-01-01,antwerp,7,0,0,0,5,1193,0,0,3,957
2026-01-01,eupen,0,0,0,0,0,238,0,0,0,190
2026-01-02,all,4,0,0,0,3,2307,4006.4,39,49,1776
2026-01-02,antwerp,3,0,0,0,2,1345,0,0,10,1079
2026-01-02,eupen,1,0,0,0,1,415,0,0,0,337
2026-01-03,all,10,0,0,0,7,2099,4332.0,37,45,1564
2026-01-03,antwerp,9,0,0,0,7,1272,0,0,6,996
2026-01-03,eupen,1,0,0,0,0,336,0,0,0,252
2026-01-04,all,9,0,0,0,9,1508,5119.8,39,48,1105
2026-01-04,antwerp,9,0,0,0,9,798,0,0,8,619
2026-01-04,eupen,0,0,0,0,0,298,0,0,0,232
2026-01-05,all,8,0,0,0,2,1075,2420.0,19,23,778
2026-01-05,antwerp,5,0,0,0,2,635,0,0,4,509
2026-01-05,eupen,0,0,0,0,0,194,0,0,0,140
2026-01-06,all,8,0,0,0,6,832,2134,15,21,583
2026-01-06,antwerp,7,0,0,0,5,430,0,0,5,321
2026-01-06,eupen,1,0,0,0,1,203,0,0,0,149
2026-01-07,all,7,0,0,0,5,806,1561.0,9,14,589
2026-01-07,antwerp,5,0,0,0,4,474,0,0,5,367
2026-01-07,eupen,1,0,0,0,1,178,0,0,0,126
2026-01-08,all,9,0,0,0,5,989,2630.0,19,23,698
2026-01-08,antwerp,6,0,0,0,4,528,0,0,3,411
2026-01-08,eupen,2,0,0,0,1,218,0,0,0,165
2026-01-09,all,5,0,0,0,2,1148,3270.0,28,35,862
2026-01-09,antwerp,5,0,0,0,2,683,0,0,7,532
2026-01-09,eupen,0,0,0,0,0,193,0,0,0,152
2026-01-10,all,4,0,0,0,4,1538,4665.0,41,50,1171
2026-01-10,antwerp,4,0,0,0,4,966,0,0,9,775
2026-01-10,eupen,0,0,0,0,0,180,0,0,0,141
2026-01-11,all,7,0,0,0,6,1472,1872.0,21,24,1084
2026-01-11,antwerp,7,0,0,0,6,884,0,0,2,678
2026-01-11,eupen,0,0,0,0,0,261,0,0,0,203
2026-01-12,all,3,0,0,0,2,1077,1635.0,15,20,793
2026-01-12,antwerp,3,0,0,0,2,616,0,0,5,491
2026-01-12,eupen,0,0,0,0,0,194,0,0,0,149
2026-01-13,all,2,0,0,0,2,994,2449,20,25,703
2026-01-13,antwerp,2,0,0,0,2,561,0,0,5,437
2026-01-13,eupen,0,0,0,0,0,181,0,0,0,129
2026-01-14,all,0,0,0,0,0,520,3945,25,25,304
2026-01-14,antwerp,0,0,0,0,0,260,0,0,0,136
2026-01-14,eupen,0,0,0,0,0,33,0,0,0,16
2026-01-15,all,0,0,0,0,0,497,888.0,11,11,284
2026-01-15,antwerp,0,0,0,0,0,284,0,0,0,140
2026-01-15,eupen,0,0,0,0,0,21,0,0,0,5
2026-01-16,all,0,0,0,0,0,593,3697.0,24,24,340
2026-01-16,antwerp,0,0,0,0,0,313,0,0,0,149
2026-01-16,eupen,0,0,0,0,0,15,0,0,0,6
2026-01-17,all,1,0,0,0,1,824,3750.0,34,34,452
2026-01-17,antwerp,1,0,0,0,1,434,0,0,0,184
2026-01-17,eupen,0,0,0,0,0,25,0,0,0,12
2026-01-18,all,0,0,0,0,0,613,2083.0,21,21,343
2026-01-18,antwerp,0,0,0,0,0,338,0,0,0,157
2026-01-18,eupen,0,0,0,0,0,20,0,0,0,7
2026-01-19,all,0,0,0,0,0,479,2050.0,22,22,272
2026-01-19,antwerp,0,0,0,0,0,252,0,0,0,127
2026-01-19,eupen,0,0,0,0,0,14,0,0,0,7
2026-01-20,all,0,0,0,0,0,471,1662.0,15,15,270
2026-01-20,antwerp,0,0,0,0,0,264,0,0,0,133
2026-01-20,eupen,0,0,0,0,0,8,0,0,0,1
2026-01-21,all,3,0,0,0,2,492,3058.0,21,21,277
2026-01-21,antwerp,3,0,0,0,2,242,0,0,0,108
2026-01-21,eupen,0,0,0,0,0,9,0,0,0,5
2026-01-22,all,0,0,0,0,0,514,2628.0,19,19,298
2026-01-22,antwerp,0,0,0,0,0,295,0,0,0,141
2026-01-22,eupen,0,0,0,0,0,8,0,0,0,5
2026-01-23,all,0,0,0,0,0,505,3660,26,26,308
2026-01-23,antwerp,0,0,0,0,0,263,0,0,0,129
2026-01-23,eupen,0,0,0,0,0,15,0,0,0,9
2026-01-24,all,0,0,0,0,0,774,3218.0,35,35,448
2026-01-24,antwerp,0,0,0,0,0,393,0,0,0,161
2026-01-24,eupen,0,0,0,0,0,9,0,0,0,5
2026-01-25,all,1,0,0,0,0,753,3123.5,28,28,428
2026-01-25,antwerp,1,0,0,0,0,393,0,0,0,177
2026-01-25,eupen,0,0,0,0,0,22,0,0,0,7
2026-01-26,all,0,0,0,0,0,562,3070,23,23,334
2026-01-26,antwerp,0,0,0,0,0,296,0,0,0,145
2026-01-26,eupen,0,0,0,0,0,16,0,0,0,9
2026-01-27,all,0,0,0,0,0,498,2624,23,23,282
2026-01-27,antwerp,0,0,0,0,0,266,0,0,0,114
2026-01-27,eupen,0,0,0,0,0,17,0,0,0,10
2026-01-28,all,1,0,0,0,0,491,1645,13,13,309
2026-01-28,antwerp,1,0,0,0,0,283,0,0,0,150
2026-01-28,eupen,0,0,0,0,0,16,0,0,0,7
2026-01-29,all,5,0,0,0,5,1058,2927,21,29,789
2026-01-29,antwerp,4,0,0,0,4,647,0,0,8,506
2026-01-29,eupen,1,0,0,0,1,162,0,0,0,128
2026-01-30,all,10,0,0,0,7,1265,3890.0,31,38,983
2026-01-30,antwerp,10,0,0,0,7,751,0,0,6,600
2026-01-30,eupen,0,0,0,0,0,182,0,0,0,153
2026-01-31,all,7,0,0,0,5,1674,4648.5,46,54,1299
2026-01-31,antwerp,7,0,0,0,5,935,0,0,8,745
2026-01-31,eupen,0,0,0,0,0,280,0,0,0,227
2026-02-01,all,11,0,0,0,10,1533,2199.3,26,37,1179
2026-02-01,antwerp,9,0,0,0,8,837,0,0,11,670
2026-02-01,eupen,2,0,0,0,2,322,0,0,0,253
2026-02-02,all,3,0,0,0,2,1209,1524.0,16,19,906
2026-02-02,antwerp,3,0,0,0,2,729,0,0,3,572
2026-02-02,eupen,0,0,0,0,0,171,0,0,0,136
2026-02-03,all,4,0,0,0,2,1026,700.0,13,19,775
2026-02-03,antwerp,4,0,0,0,2,615,0,0,5,494
2026-02-03,eupen,0,0,0,0,0,148,0,0,0,109
2026-02-04,all,5,0,0,0,5,997,3487,28,33,741
2026-02-04,antwerp,5,0,0,0,5,633,0,0,4,494
2026-02-04,eupen,0,0,0,0,0,122,0,0,1,103
2026-02-05,all,6,0,0,0,6,1017,2810.0,21,31,735
2026-02-05,antwerp,5,0,0,0,5,601,0,0,10,465
2026-02-05,eupen,1,0,0,0,1,168,0,0,0,124
2026-02-06,all,5,0,0,0,5,1241,2797.0,30,39,964
2026-02-06,antwerp,4,0,0,0,4,729,0,0,8,594
2026-02-06,eupen,1,0,0,0,1,212,0,0,0,175
2026-02-07,all,9,0,0,0,6,1521,3386.0,35,49,1141
2026-02-07,antwerp,8,0,0,0,5,881,0,0,13,672
2026-02-07,eupen,1,0,0,0,1,274,0,0,0,218
2026-02-08,all,5,0,0,0,4,1454,2070.0,26,32,1096
2026-02-08,antwerp,2,0,0,0,2,750,0,0,5,593
2026-02-08,eupen,2,0,0,0,2,329,0,0,0,255
2026-02-09,all,4,0,0,0,4,1176,3123,23,32,892
2026-02-09,antwerp,3,0,0,0,3,656,0,0,9,520
2026-02-09,eupen,1,0,0,0,1,211,0,0,0,165
2026-02-10,all,3,0,0,0,2,1031,2093.0,13,23,795
2026-02-10,antwerp,2,0,0,0,2,636,0,0,10,516
2026-02-10,eupen,0,0,0,0,0,172,0,0,0,138
2026-02-11,all,4,0,0,0,2,1168,1786.0,24,34,879
2026-02-11,antwerp,1,0,0,0,1,656,0,0,7,521
2026-02-11,eupen,2,0,0,0,1,219,0,0,0,166
2026-02-12,all,5,0,0,0,4,1155,3312.0,25,33,871
2026-02-12,antwerp,5,0,0,0,4,657,0,0,8,515
2026-02-12,eupen,0,0,0,0,0,202,0,0,0,165
2026-02-13,all,9,0,0,0,8,1379,3186.0,28,35,1063
2026-02-13,antwerp,7,0,0,0,7,824,0,0,7,673
2026-02-13,eupen,1,0,0,0,1,199,0,0,0,151
2026-02-14,all,10,0,0,0,9,1797,5831.0,47,58,1410
2026-02-14,antwerp,10,0,0,0,9,1054,0,0,11,865
2026-02-14,eupen,0,0,0,0,0,272,0,0,0,218
2026-02-15,all,6,0,0,0,6,1526,1584.0,18,27,1186
2026-02-15,antwerp,5,0,0,0,5,866,0,0,9,713
2026-02-15,eupen,1,0,0,0,1,260,0,0,0,215
2026-02-16,all,2,0,0,0,2,1176,2293.0,23,30,815
2026-02-16,antwerp,2,0,0,0,2,646,0,0,6,429
2026-02-16,eupen,0,0,0,0,0,162,0,0,0,117
2026-02-17,all,0,0,0,0,0,761,3977.0,39,39,446
2026-02-17,antwerp,0,0,0,0,0,399,0,0,0,189
2026-02-17,eupen,0,0,0,0,0,27,0,0,0,8
2026-02-18,all,2,0,0,0,1,632,3200.0,31,31,370
2026-02-18,antwerp,1,0,0,0,1,332,0,0,0,159
2026-02-18,eupen,0,0,0,0,0,28,0,0,0,10
2026-02-19,all,2,0,0,0,0,649,2816.0,33,33,369
2026-02-19,antwerp,2,0,0,0,0,383,0,0,0,170
2026-02-19,eupen,0,0,0,0,0,11,0,0,0,3
2026-02-20,all,0,0,0,0,0,616,3180.0,27,27,388
2026-02-20,antwerp,0,0,0,0,0,311,0,0,0,158
2026-02-20,eupen,0,0,0,0,0,19,0,0,0,6
2026-02-21,all,0,0,0,0,0,818,3107,41,41,468
2026-02-21,antwerp,0,0,0,0,0,427,0,0,0,196
2026-02-21,eupen,0,0,0,0,0,31,0,0,0,11
2026-02-22,all,0,0,0,0,0,795,3487,32,32,463
2026-02-22,antwerp,0,0,0,0,0,386,0,0,0,169
2026-02-22,eupen,0,0,0,0,0,13,0,0,0,5
2026-02-23,all,0,0,0,0,0,521,1468.0,13,13,309
2026-02-23,antwerp,0,0,0,0,0,249,0,0,0,125
2026-02-23,eupen,0,0,0,0,0,24,0,0,0,10
2026-02-24,all,0,0,0,0,0,418,1563,11,11,258
2026-02-24,antwerp,0,0,0,0,0,204,0,0,0,109
2026-02-24,eupen,0,0,0,0,0,12,0,0,0,5
2026-02-25,all,0,0,0,0,0,394,1487.0,13,13,231
2026-02-25,antwerp,0,0,0,0,0,186,0,0,0,92
2026-02-25,eupen,0,0,0,0,0,12,0,0,0,2
2026-02-26,all,1,0,0,0,1,456,2963,25,25,275
2026-02-26,antwerp,1,0,0,0,1,239,0,0,0,116
2026-02-26,eupen,0,0,0,0,0,14,0,0,0,6
2026-02-27,all,3,0,0,0,2,493,2806.0,26,26,284
2026-02-27,antwerp,3,0,0,0,2,269,0,0,0,126
2026-02-27,eupen,0,0,0,0,0,7,0,0,0,1
2026-02-28,all,1,0,0,0,0,726,2867.0,35,35,404
2026-02-28,antwerp,1,0,0,0,0,365,0,0,0,152
2026-02-28,eupen,0,0,0,0,0,22,0,0,0,4
2026-03-01,all,2,0,0,0,1,1077,3275.0,23,27,815
2026-03-01,antwerp,1,0,0,0,0,609,0,0,3,458
2026-03-01,eupen,1,0,0,0,1,206,0,0,0,177
2026-03-02,all,5,0,0,0,5,844,1006.0,9,18,630
2026-03-02,antwerp,4,0,0,0,4,481,0,0,7,366
2026-03-02,eupen,1,0,0,0,1,177,0,0,0,140
2026-03-03,all,8,0,0,0,6,802,2095.0,17,17,596
2026-03-03,antwerp,6,0,0,0,5,477,0,0,0,365
2026-03-03,eupen,2,0,0,0,1,149,0,0,0,117
2026-03-04,all,2,0,0,0,1,797,1334,9,12,607
2026-03-04,antwerp,2,0,0,0,1,493,0,0,3,383
2026-03-04,eupen,0,0,0,0,0,125,0,0,0,99
2026-03-05,all,2,0,0,0,2,739,863,9,13,540
2026-03-05,antwerp,2,0,0,0,2,429,0,0,4,338
2026-03-05,eupen,0,0,0,0,0,135,0,0,0,95
2026-03-06,all,0,0,0,0,0,899,2621.0,23,26,677
2026-03-06,antwerp,0,0,0,0,0,484,0,0,2,380
2026-03-06,eupen,0,0,0,0,0,197,0,0,0,156
2026-03-07,all,2,0,0,0,2,1153,2449.0,19,23,877
2026-03-07,antwerp,1,0,0,0,1,664,0,0,4,530
2026-03-07,eupen,1,0,0,0,1,210,0,0,0,163
2026-03-08,all,7,0,0,0,6,1099,2613.0,17,26,844
2026-03-08,antwerp,6,0,0,0,6,577,0,0,8,463
2026-03-08,eupen,0,0,0,0,0,250,0,0,0,196
2026-03-09,all,1,0,0,0,1,887,1681.0,11,17,659
2026-03-09,antwerp,1,0,0,0,1,511,0,0,5,419
2026-03-09,eupen,0,0,0,0,0,169,0,0,0,124
2026-03-10,all,6,0,0,0,1,905,1312.0,16,20,687
2026-03-10,antwerp,5,0,0,0,0,538,0,0,3,433
2026-03-10,eupen,1,0,0,0,1,180,0,0,0,138
2026-03-11,all,3,0,0,0,1,938,1816.0,17,21,709
2026-03-11,antwerp,3,0,0,0,1,562,0,0,4,436
2026-03-11,eupen,0,0,0,0,0,171,0,0,0,132
2026-03-12,all,3,0,0,0,2,832,2049,8,10,616
2026-03-12,antwerp,2,0,0,0,2,496,0,0,2,391
2026-03-12,eupen,0,0,0,0,0,164,0,0,0,123
2026-03-13,all,10,0,0,0,10,1135,3979.0,32,37,852
2026-03-13,antwerp,9,0,0,0,9,678,0,0,5,522
2026-03-13,eupen,1,0,0,0,1,209,0,0,0,161
2026-03-14,all,8,0,0,0,6,1463,2724.0,25,35,1121
2026-03-14,antwerp,5,0,0,0,4,811,0,0,10,649
2026-03-14,eupen,2,0,0,0,2,336,0,0,0,262
2026-03-15,all,4,0,0,0,4,1174,2555.0,17,21,890
2026-03-15,antwerp,3,0,0,0,3,580,0,0,4,463
2026-03-15,eupen,1,0,0,0,1,288,0,0,0,237
2026-03-16,all,1,0,0,0,1,1025,1342.0,14,18,751
2026-03-16,antwerp,1,0,0,0,1,524,0,0,3,413
2026-03-16,eupen,0,0,0,0,0,242,0,0,0,182
2026-03-17,all,4,0,0,0,2,796,1642.0,14,21,578
2026-03-17,antwerp,4,0,0,0,2,441,0,0,7,347
2026-03-17,eupen,0,0,0,0,0,172,0,0,0,126
2026-03-18,all,5,0,0,0,4,780,1793,14,18,586
2026-03-18,antwerp,4,0,0,0,3,459,0,0,3,358
2026-03-18,eupen,1,0,0,0,1,127,0,0,0,101
2026-03-19,all,14,0,0,0,9,899,849.0,7,11,644
2026-03-19,antwerp,3,0,0,0,3,540,0,0,4,403
2026-03-19,eupen,10,0,0,0,6,172,0,0,0,124
2026-03-20,all,8,0,0,0,6,964,2335,15,24,718
2026-03-20,antwerp,7,0,0,0,6,559,0,0,9,428
2026-03-20,eupen,1,0,0,0,0,179,0,0,0,143
2026-03-21,all,5,0,0,0,2,1267,1959.9,23,26,927
2026-03-21,antwerp,4,0,0,0,1,712,0,0,3,554
2026-03-21,eupen,1,0,0,0,1,248,0,0,0,188
2026-03-22,all,4,0,0,0,3,1073,2550,20,26,773
2026-03-22,antwerp,4,0,0,0,3,525,0,0,5,395
2026-03-22,eupen,0,0,0,0,0,266,0,0,0,197
2026-03-23,all,3,0,0,0,3,892,2721.0,18,23,653
2026-03-23,antwerp,1,0,0,0,1,462,0,0,5,367
2026-03-23,eupen,2,0,0,0,2,232,0,0,0,167
2026-03-24,all,0,0,0,0,0,826,2420,17,25,625
2026-03-24,antwerp,0,0,0,0,0,454,0,0,7,361
2026-03-24,eupen,0,0,0,0,0,152,0,0,0,118
2026-03-25,all,1,0,0,0,1,585,1992,15,20,352
2026-03-25,antwerp,0,0,0,0,0,318,0,0,4,184
2026-03-25,eupen,1,0,0,0,1,71,0,0,0,47
2026-03-26,all,1,0,0,0,0,429,2386.0,13,13,256
2026-03-26,antwerp,1,0,0,0,0,245,0,0,0,122
2026-03-26,eupen,0,0,0,0,0,27,0,0,0,14
2026-03-27,all,0,0,0,0,0,529,1613.0,16,16,311
2026-03-27,antwerp,0,0,0,0,0,272,0,0,0,126
2026-03-27,eupen,0,0,0,0,0,19,0,0,0,3
2026-03-28,all,0,0,0,0,0,667,2790.0,20,20,376
2026-03-28,antwerp,0,0,0,0,0,334,0,0,0,137
2026-03-28,eupen,0,0,0,0,0,15,0,0,0,6
2026-03-29,all,0,0,0,0,0,679,2432.0,22,22,370
2026-03-29,antwerp,0,0,0,0,0,341,0,0,0,142
2026-03-29,eupen,0,0,0,0,0,31,0,0,0,11
2026-03-30,all,1,0,0,0,0,441,1897.0,18,18,270
2026-03-30,antwerp,1,0,0,0,0,193,0,0,0,102
2026-03-30,eupen,0,0,0,0,0,22,0,0,0,8
2026-03-31,all,0,0,0,0,0,365,802.0,11,11,225
2026-03-31,antwerp,0,0,0,0,0,166,0,0,0,80
2026-03-31,eupen,0,0,0,0,0,27,0,0,0,13
2026-04-01,all,2,0,0,0,2,803,2943.0,19,21,591
2026-04-01,antwerp,2,0,0,0,2,366,0,0,2,268
2026-04-01,eupen,0,0,0,0,0,147,0,0,0,117
2026-04-02,all,3,0,0,0,3,906,2591.0,24,31,690
2026-04-02,antwerp,3,0,0,0,3,519,0,0,5,421
2026-04-02,eupen,0,0,0,0,0,147,0,0,0,118
2026-04-03,all,4,0,0,0,4,1167,3519.7,27,31,899
2026-04-03,antwerp,2,0,0,0,2,591,0,0,4,479
2026-04-03,eupen,2,0,0,0,2,279,0,0,0,226
2026-04-04,all,10,0,0,0,5,1486,3366,28,35,1155
2026-04-04,antwerp,10,0,0,0,5,757,0,0,7,620
2026-04-04,eupen,0,0,0,0,0,339,0,0,0,276
2026-04-05,all,14,0,0,0,11,1625,4531.0,34,49,1233
2026-04-05,antwerp,12,0,0,0,9,854,0,0,14,670
2026-04-05,eupen,2,0,0,0,2,351,0,0,0,282
2026-04-06,all,6,0,0,0,4,1377,1547,19,27,1016
2026-04-06,antwerp,5,0,0,0,3,704,0,0,8,547
2026-04-06,eupen,1,0,0,0,1,298,0,0,0,234
2026-04-07,all,3,0,0,0,2,960,2465.0,19,23,706
2026-04-07,antwerp,1,0,0,0,1,524,0,0,4,405
2026-04-07,eupen,2,0,0,0,1,214,0,0,0,155
2026-04-08,all,7,0,0,0,6,915,2083,15,23,704
2026-04-08,antwerp,5,0,0,0,5,499,0,0,7,405
2026-04-08,eupen,2,0,0,0,1,191,0,0,0,150
2026-04-09,all,6,0,0,0,6,888,2190,15,20,681
2026-04-09,antwerp,5,0,0,0,5,484,0,0,5,383
2026-04-09,eupen,1,0,0,0,1,169,0,0,0,134
2026-04-10,all,3,0,0,0,2,1165,3494.5,26,30,892
2026-04-10,antwerp,2,0,0,0,1,578,0,0,4,459
2026-04-10,eupen,1,0,0,0,1,286,0,0,0,230
2026-04-11,all,4,0,0,0,3,1315,2545,24,32,975
2026-04-11,antwerp,3,0,0,0,2,697,0,0,8,538
2026-04-11,eupen,1,0,0,0,1,297,0,0,0,228
2026-04-12,all,2,0,0,0,2,1270,1547.0,17,22,963
2026-04-12,antwerp,2,0,0,0,2,638,0,0,5,494
2026-04-12,eupen,0,0,0,0,0,338,0,0,0,256
2026-04-13,all,2,0,0,0,2,1083,3401.0,26,32,839
2026-04-13,antwerp,2,0,0,0,2,613,0,0,4,489
2026-04-13,eupen,0,0,0,0,0,188,0,0,0,149
2026-04-14,all,2,0,0,0,2,1016,1629.0,15,24,763
2026-04-14,antwerp,2,0,0,0,2,572,0,0,9,446
2026-04-14,eupen,0,0,0,0,0,188,0,0,0,148
2026-04-15,all,2,0,0,0,2,905,1766.4,19,24,692
2026-04-15,antwerp,1,0,0,0,1,499,0,0,5,400
2026-04-15,eupen,1,0,0,0,1,185,0,0,0,142
2026-04-16,all,2,0,0,0,1,723,2128,14,14,546
2026-04-16,antwerp,2,0,0,0,1,395,0,0,0,316
2026-04-16,eupen,0,0,0,0,0,151,0,0,0,110
2026-04-17,all,1,0,0,0,1,905,1448.0,10,13,684
2026-04-17,antwerp,1,0,0,0,1,530,0,0,2,413
2026-04-17,eupen,0,0,0,0,0,168,0,0,0,137
2026-04-18,all,6,0,0,0,6,1200,1813,23,31,892
2026-04-18,antwerp,4,0,0,0,4,684,0,0,8,530
2026-04-18,eupen,2,0,0,0,2,247,0,0,0,191
2026-04-19,all,2,0,0,0,2,1020,1921,16,19,766
2026-04-19,antwerp,2,0,0,0,2,453,0,0,3,359
2026-04-19,eupen,0,0,0,0,0,271,0,0,0,212
2026-04-20,all,3,0,0,0,3,820,1146.0,12,18,617
2026-04-20,antwerp,2,0,0,0,2,417,0,0,4,329
2026-04-20,eupen,1,0,0,0,1,192,0,0,0,147
2026-04-21,all,7,0,0,0,4,768,1946.0,16,22,566
2026-04-21,antwerp,7,0,0,0,4,460,0,0,6,351
2026-04-21,eupen,0,0,0,0,0,138,0,0,0,115
2026-04-22,all,3,0,0,0,2,682,544.9,8,13,514
2026-04-22,antwerp,3,0,0,0,2,367,0,0,5,290
2026-04-22,eupen,0,0,0,0,0,144,0,0,0,123
2026-04-23,all,2,0,0,0,1,709,1353,7,12,538
2026-04-23,antwerp,1,0,0,0,0,401,0,0,3,316
2026-04-23,eupen,1,0,0,0,1,146,0,0,0,117
2026-04-24,all,2,0,0,0,2,617,3526.0,27,29,428
2026-04-24,antwerp,1,0,0,0,1,334,0,0,2,234
2026-04-24,eupen,1,0,0,0,1,99,0,0,0,76
2026-04-25,all,0,0,0,0,0,406,700.0,10,10,232
2026-04-25,antwerp,0,0,0,0,0,178,0,0,0,63
2026-04-25,eupen,0,0,0,0,0,26,0,0,0,11
2026-04-26,all,1,0,0,0,1,342,2229,15,15,181
2026-04-26,antwerp,1,0,0,0,1,158,0,0,0,53
2026-04-26,eupen,0,0,0,0,0,11,0,0,0,5
2026-05-08,all,8,0,0,0,6,1067,0,0,3,721
2026-05-08,antwerp,3,0,0,0,1,875,0,0,3,581
2026-05-08,eupen,4,0,0,0,4,170,0,0,0,139
2026-05-09,all,9,0,0,0,7,675,0,0,2,492
2026-05-09,antwerp,6,0,0,0,6,447,0,0,2,330
2026-05-09,eupen,3,0,0,0,1,204,0,0,0,160
2026-05-10,all,6,0,0,0,5,834,0,0,0,602
2026-05-10,antwerp,6,0,0,0,5,579,0,0,0,423
2026-05-10,eupen,0,0,0,0,0,224,0,0,0,179
2026-05-11,all,5,0,0,0,5,1012,0,0,2,705
2026-05-11,antwerp,3,0,0,0,3,732,0,0,2,520
2026-05-11,eupen,2,0,0,0,2,243,0,0,0,186
2026-05-12,all,10,0,0,0,8,3059,0,0,0,1962
2026-05-12,antwerp,5,0,0,0,5,2819,0,0,0,1781
2026-05-12,eupen,4,0,0,0,3,236,0,0,0,181
2026-05-13,all,13,0,0,0,9,2394,0,0,0,1480
2026-05-13,antwerp,9,0,0,0,6,2029,0,0,0,1248
2026-05-13,eupen,3,0,0,0,3,302,0,0,0,230
2026-05-14,all,10,0,0,0,7,2258,3362.0,21,21,1470
2026-05-14,antwerp,10,0,0,0,7,1918,2221,15,15,1240
2026-05-14,eupen,0,0,0,0,0,281,1141,6,6,227
2026-05-15,all,10,0,0,0,9,2722,3218.0,19,19,1840
2026-05-15,antwerp,6,0,0,0,5,2333,1398,10,10,1580
2026-05-15,eupen,4,0,0,0,4,321,1182,8,8,260
2026-05-16,all,14,0,0,0,10,2994,2835.0,18,18,1853
2026-05-16,antwerp,7,0,0,0,7,2554,2539,14,14,1584
2026-05-16,eupen,6,0,0,0,3,354,296,4,4,266
2026-05-17,all,14,0,0,0,7,2971,2942,15,15,1877
2026-05-17,antwerp,14,0,0,0,7,2445,1655,10,10,1562
2026-05-17,eupen,0,0,0,0,0,439,1287,5,5,320
2026-05-18,all,12,0,0,0,5,2133,3287,13,13,1332
2026-05-18,antwerp,6,0,0,0,3,1797,1849,5,5,1130
2026-05-18,eupen,4,0,0,0,2,273,1438,8,8,201
2026-05-19,all,7,0,0,0,3,2000,1099.0,11,11,1264
2026-05-19,antwerp,7,0,0,0,3,1602,336,4,4,1017
2026-05-19,eupen,0,0,0,0,0,254,118,2,2,179
2026-05-20,all,10,0,0,0,8,2494,5063.0,24,24,1407
2026-05-20,antwerp,8,0,0,0,7,2057,1261,6,6,1131
2026-05-20,eupen,2,0,0,0,1,275,1571,5,5,200
2026-05-21,all,5,0,0,0,4,1721,992,8,8,1017
2026-05-21,antwerp,2,0,0,0,2,1428,268,2,2,840
2026-05-21,eupen,2,0,0,0,2,168,316,2,2,125
2026-05-22,all,1,0,0,0,1,1822,2677,16,16,1098
2026-05-22,antwerp,1,0,0,0,1,1473,1053,4,4,887
2026-05-22,eupen,0,0,0,0,0,196,902,5,5,139
2026-05-23,all,4,0,0,0,2,1978,2222.0,11,11,1187
2026-05-23,antwerp,4,0,0,0,2,1624,305,3,3,939
2026-05-23,eupen,0,0,0,0,0,210,830,3,3,158
2026-05-24,all,5,0,0,0,3,1849,3120,24,24,1103
2026-05-24,antwerp,2,0,0,0,1,1207,968,5,5,749
2026-05-24,eupen,3,0,0,0,2,460,362,4,4,246
2026-05-25,all,9,0,0,0,8,2070,5026.0,25,25,1137
2026-05-25,antwerp,7,0,0,0,6,1449,1666,7,7,811
2026-05-25,eupen,2,0,0,0,2,474,1150,3,3,244
2026-05-26,all,13,0,0,0,11,2484,738,7,7,1346
2026-05-26,antwerp,10,0,0,0,8,2107,108,2,2,1141
2026-05-26,eupen,3,0,0,0,3,250,128,1,1,131
2026-05-27,all,12,141,1,1,7,3747,2686.0,15,15,1949
2026-05-27,antwerp,8,141,1,1,5,3202,1266,8,8,1694
2026-05-27,eupen,3,0,0,0,2,388,48,1,1,160
2026-05-28,all,6,0,0,0,3,2019,2963,16,16,1025
2026-05-28,antwerp,5,0,0,0,3,1432,851,4,4,770
2026-05-28,eupen,0,0,0,0,0,437,1170,6,6,185
2026-05-29,all,2,0,0,0,2,1023,2971,25,25,629
2026-05-29,antwerp,1,0,0,0,1,656,1347,7,7,425
2026-05-29,eupen,1,0,0,0,1,214,244,2,2,122
2026-05-30,all,10,0,0,0,9,1280,3470.0,24,24,838
2026-05-30,antwerp,7,0,0,0,6,861,901,8,8,543
2026-05-30,eupen,3,0,0,0,3,232,112,1,1,178
2026-05-31,all,6,0,0,0,4,1196,1556,12,12,794
2026-05-31,antwerp,4,0,0,0,3,767,648,3,3,499
2026-05-31,eupen,2,0,0,0,1,254,52,1,1,188
2026-06-01,all,3,0,0,0,2,993,2330.0,13,13,673
2026-06-01,antwerp,2,0,0,0,2,641,343,2,2,436
2026-06-01,eupen,1,0,0,0,0,215,1348,5,5,155
2026-06-02,all,4,0,0,0,3,1028,2390.0,14,14,706
2026-06-02,antwerp,3,0,0,0,2,666,1122,5,5,462
2026-06-02,eupen,1,0,0,0,1,213,333,3,3,155
2026-06-03,all,3,0,0,0,2,1035,4126,23,23,733
2026-06-03,antwerp,3,0,0,0,2,622,1455,4,4,449
2026-06-03,eupen,0,0,0,0,0,237,150,1,1,175
2026-06-04,all,5,0,0,0,4,1252,3781,26,26,869
2026-06-04,antwerp,3,0,0,0,2,811,1619,9,9,569
2026-06-04,eupen,2,0,0,0,2,256,452,3,3,202
2026-06-05,all,7,0,0,0,5,1307,3402.0,23,23,909
2026-06-05,antwerp,5,0,0,0,4,867,424,5,5,602
2026-06-05,eupen,2,0,0,0,1,227,1368,4,4,183
2026-06-06,all,16,125,2,2,9,1458,5160.0,41,41,1036
2026-06-06,antwerp,7,125,2,2,4,944,1087,9,9,665
2026-06-06,eupen,8,0,0,0,5,297,329,3,3,233
2026-06-07,all,11,0,0,0,9,1314,2294.0,17,17,900
2026-06-07,antwerp,8,0,0,0,6,906,539,5,5,615
2026-06-07,eupen,3,0,0,0,3,217,148,2,2,171
2026-06-08,all,5,0,0,0,4,1087,2565.0,20,20,712
2026-06-08,antwerp,5,0,0,0,4,743,1427,5,5,490
2026-06-08,eupen,0,0,0,0,0,204,180,2,2,148
2026-06-09,all,3,0,0,0,2,1014,3115,17,17,691
2026-06-09,antwerp,2,0,0,0,2,674,1681,7,7,459
2026-06-09,eupen,0,0,0,0,0,168,0,0,0,130
2026-06-10,all,0,0,0,0,0,1089,1843,13,13,691
2026-06-10,antwerp,0,0,0,0,0,709,494,3,3,443
2026-06-10,eupen,0,0,0,0,0,230,244,1,1,163
2026-06-11,all,4,0,0,0,3,1257,2553.0,13,13,750
2026-06-11,antwerp,3,0,0,0,2,830,329,1,1,509
2026-06-11,eupen,1,0,0,0,1,275,314,2,2,148
2026-06-12,all,9,0,0,0,7,1409,1858.0,21,21,942
2026-06-12,antwerp,5,0,0,0,5,953,414,4,4,624
2026-06-12,eupen,3,0,0,0,2,288,368,4,4,212
2026-06-13,all,4,0,0,0,3,1392,3452.0,29,29,958
2026-06-13,antwerp,2,0,0,0,1,865,691,5,5,564
2026-06-13,eupen,2,0,0,0,2,338,644,4,4,261
2026-06-14,all,3,0,0,0,3,1278,2813.0,20,20,812
2026-06-14,antwerp,1,0,0,0,1,806,468,5,5,484
2026-06-14,eupen,2,0,0,0,2,322,408,2,2,227
2026-06-15,all,4,0,0,0,3,1000,2132,14,14,584
2026-06-15,antwerp,3,0,0,0,2,663,1478,7,7,388
2026-06-15,eupen,1,0,0,0,1,232,52,1,1,142
2026-06-16,all,7,0,0,0,4,1390,4804.0,28,28,824
2026-06-16,antwerp,6,0,0,0,4,1012,1669,10,10,588
2026-06-16,eupen,0,0,0,0,0,268,972,6,6,179
2026-06-17,all,4,0,0,0,2,1844,2036.0,17,17,979
2026-06-17,antwerp,2,0,0,0,1,1439,1295,10,10,747
2026-06-17,eupen,1,0,0,0,1,299,48,1,1,178
2026-06-18,all,4,0,0,0,2,1881,1696,14,14,1111
2026-06-18,antwerp,4,0,0,0,2,1457,817,6,6,857
2026-06-18,eupen,0,0,0,0,0,278,534,4,4,170
2026-06-19,all,4,0,0,0,3,1469,3351.0,21,21,788
2026-06-19,antwerp,4,0,0,0,3,1067,1444,7,7,565
2026-06-19,eupen,0,0,0,0,0,290,1066,6,6,172
2026-06-20,all,6,0,0,0,3,1612,1422.0,12,12,873
2026-06-20,antwerp,4,0,0,0,2,1217,142,1,1,641
2026-06-20,eupen,0,0,0,0,0,276,268,2,2,167
2026-06-21,all,12,0,0,0,7,1739,2362.0,17,17,911
2026-06-21,antwerp,9,0,0,0,6,1267,48,1,1,635
2026-06-21,eupen,3,0,0,0,1,331,463,5,5,198
2026-06-22,all,6,0,0,0,4,1312,3140,26,26,681
2026-06-22,antwerp,5,0,0,0,4,908,1415,11,11,457
2026-06-22,eupen,0,0,0,0,0,294,156,1,1,171
2026-06-23,all,7,0,0,0,2,1460,1669.0,11,11,782
2026-06-23,antwerp,3,0,0,0,1,1061,483,3,3,557
2026-06-23,eupen,2,0,0,0,1,273,224,1,1,157
2026-06-24,all,10,0,0,0,6,1945,1273.0,15,15,999
2026-06-24,antwerp,9,0,0,0,6,1536,437,6,6,763
2026-06-24,eupen,1,0,0,0,0,276,332,4,4,154
2026-06-25,all,16,0,0,0,8,1938,2037,15,15,875
2026-06-25,antwerp,13,0,0,0,7,1565,346,3,3,695
2026-06-25,eupen,1,0,0,0,1,252,344,3,3,119
2026-06-26,all,5,0,0,0,2,1876,4183.0,20,20,862
2026-06-26,antwerp,0,0,0,0,0,1516,726,4,4,694
2026-06-26,eupen,4,0,0,0,2,258,306,5,5,114
2026-06-27,all,7,0,0,0,4,2017,1663.0,16,16,975
2026-06-27,antwerp,7,0,0,0,4,1621,636,6,6,740
2026-06-27,eupen,0,0,0,0,0,269,168,2,2,154
2026-06-28,all,4,0,0,0,4,1853,1796.0,15,15,980
2026-06-28,antwerp,3,0,0,0,3,1380,353,4,4,715
2026-06-28,eupen,1,0,0,0,1,326,750,5,5,178
2026-06-29,all,13,0,0,0,9,1683,2832.0,20,20,1017
2026-06-29,antwerp,9,0,0,0,6,1180,647,7,7,741
2026-06-29,eupen,2,0,0,0,2,359,361,4,4,191
2026-06-30,all,8,0,0,0,7,1569,5165.0,43,43,967
2026-06-30,antwerp,6,0,0,0,6,1153,2626,26,26,729
2026-06-30,eupen,2,0,0,0,1,268,442,4,4,162
2026-07-01,all,8,0,0,0,5,3310,4311.5,32,32,1103
2026-07-01,antwerp,7,0,0,0,4,2887,1970,14,14,859
2026-07-01,eupen,1,0,0,0,1,317,90,1,1,165
2026-07-02,all,4,0,0,0,3,1810,2715.0,24,24,1013
2026-07-02,antwerp,4,0,0,0,3,1319,876,9,9,747
2026-07-02,eupen,0,0,0,0,0,311,210,3,3,166
2026-07-03,all,13,0,0,0,7,1847,3273.0,26,26,1023
2026-07-03,antwerp,11,0,0,0,6,1333,529,5,5,714
2026-07-03,eupen,2,0,0,0,1,297,452,3,3,179
2026-07-04,all,10,0,0,0,7,1892,4602.0,36,36,1061
2026-07-04,antwerp,8,0,0,0,5,1299,2154,11,11,705
2026-07-04,eupen,2,0,0,0,2,372,146,2,2,230
2026-07-05,all,4,0,0,0,3,2003,4519.0,35,35,1136
2026-07-05,antwerp,3,0,0,0,3,1315,1371,8,8,723
2026-07-05,eupen,0,0,0,0,0,434,516,4,4,252
2026-07-06,all,11,0,0,0,9,1715,4206.0,30,30,971
2026-07-06,antwerp,9,0,0,0,7,1148,2317,6,6,659
2026-07-06,eupen,2,0,0,0,2,349,478,3,3,186
2026-07-07,all,11,0,0,0,5,1693,3404.0,22,22,876
2026-07-07,antwerp,10,0,0,0,5,1248,1477,10,10,638
2026-07-07,eupen,0,0,0,0,0,283,220,2,2,150
2026-07-08,all,6,0,0,0,3,1894,2373.0,25,25,941
2026-07-08,antwerp,5,0,0,0,2,1461,923,7,7,698
2026-07-08,eupen,1,0,0,0,1,274,298,3,3,147
2026-07-09,all,7,0,0,0,5,2129,2871.0,17,17,997
2026-07-09,antwerp,3,0,0,0,2,1685,290,3,3,750
2026-07-09,eupen,4,0,0,0,3,291,112,1,1,165
2026-07-10,all,5,0,0,0,4,2002,2218,21,21,925
2026-07-10,antwerp,3,0,0,0,3,1564,290,3,3,665
2026-07-10,eupen,2,0,0,0,1,262,192,1,1,153
2026-07-11,all,1,0,0,0,1,2227,3407.0,30,30,1311
2026-07-11,antwerp,1,0,0,0,1,1644,916,8,8,946
2026-07-11,eupen,0,0,0,0,0,322,460,6,6,189
2026-07-12,all,5,0,0,0,3,2079,3357.0,27,27,1162
2026-07-12,antwerp,5,0,0,0,3,1472,759,5,5,780
2026-07-12,eupen,0,0,0,0,0,398,1031,9,9,236
2026-07-13,all,9,0,0,0,7,1810,4882.0,38,38,1016
2026-07-13,antwerp,7,0,0,0,5,1211,1372,10,10,674
2026-07-13,eupen,2,0,0,0,2,363,805,8,8,200
2026-07-14,all,16,0,0,0,12,1589,5279,34,34,948
2026-07-14,antwerp,11,0,0,0,9,1078,2400,9,9,654
2026-07-14,eupen,4,0,0,0,3,312,994,5,5,180
2026-07-15,all,11,0,0,0,8,1638,2257.0,21,21,924
2026-07-15,antwerp,11,0,0,0,8,1155,593,4,4,646
2026-07-15,eupen,0,0,0,0,0,280,384,4,4,161
2026-07-16,all,8,0,0,0,7,1616,3867.5,31,31,904
2026-07-16,antwerp,6,0,0,0,5,1138,1343,7,7,607
2026-07-16,eupen,2,0,0,0,2,276,498,6,6,175
2026-07-17,all,3,0,0,0,3,1672,4093.0,33,33,947
2026-07-17,antwerp,3,0,0,0,3,1147,738,6,6,643
2026-07-17,eupen,0,0,0,0,0,321,529,5,5,184
2026-07-18,all,13,0,0,0,9,1711,5265.5,45,45,1089
2026-07-18,antwerp,10,0,0,0,8,1055,771,7,7,673
2026-07-18,eupen,2,0,0,0,1,442,923,12,12,282
2026-07-19,all,13,0,0,0,10,1848,5649.0,39,39,1110
2026-07-19,antwerp,10,0,0,0,8,1142,1500,9,9,686
2026-07-19,eupen,2,0,0,0,2,453,774,7,7,281
2026-07-20,all,11,0,0,0,9,1706,5311.9,43,43,1085
2026-07-20,antwerp,5,0,0,0,4,971,2333.9,13,13,633
2026-07-20,eupen,5,0,0,0,5,486,462,5,5,305
2026-07-21,all,13,0,0,0,8,1699,4809,45,45,1090
2026-07-21,antwerp,9,0,0,0,6,1050,1127,9,9,684
2026-07-21,eupen,3,0,0,0,2,392,348,4,4,243
2026-07-22,all,19,0,0,0,13,1903,5820.0,40,40,1230
2026-07-22,antwerp,15,0,0,0,10,1244,1294,9,9,824
2026-07-22,eupen,3,0,0,0,2,420,1106,6,6,263
2026-07-23,all,14,0,0,0,11,1846,6462.0,51,51,1186
2026-07-23,antwerp,8,0,0,0,8,1155,2770,16,16,770
2026-07-23,eupen,6,0,0,0,3,405,394,4,4,256
2026-07-24,all,14,0,0,0,10,1657,4180.0,34,34,1081
2026-07-24,antwerp,8,0,0,0,5,1053,963,9,9,697
2026-07-24,eupen,5,0,0,0,5,383,496,3,3,246
2026-07-25,all,15,0,0,0,10,1880,4498.0,39,39,1183
2026-07-25,antwerp,10,0,0,0,8,1065,1409,10,10,715
2026-07-25,eupen,5,0,0,0,2,585,690,9,9,331
2026-07-26,all,12,0,0,0,8,2283,4819.0,36,36,1360
2026-07-26,antwerp,9,0,0,0,7,1204,957,8,8,783
2026-07-26,eupen,3,0,0,0,1,766,1076,6,6,397
2026-07-27,all,9,0,0,0,7,2056,5437.0,55,55,1251
2026-07-27,antwerp,6,0,0,0,5,1176,1103,13,13,794
2026-07-27,eupen,3,0,0,0,2,595,938,9,9,303
2026-07-28,all,9,0,0,0,8,1600,3947.0,28,28,985
2026-07-28,antwerp,7,0,0,0,6,914,1483,10,10,627
2026-07-28,eupen,2,0,0,0,2,458,494,5,5,250
2026-07-29,all,3,0,0,0,3,1650,5831.0,36,36,1002
2026-07-29,antwerp,3,0,0,0,3,969,1589,9,9,627
2026-07-29,eupen,0,0,0,0,0,480,1097,9,9,255
2026-07-30,all,8,0,0,0,8,2771,4712.66,35,35,1490
2026-07-30,antwerp,5,0,0,0,5,1928,1819,11,11,1070
2026-07-30,eupen,3,0,0,0,3,592,801.66,7,7,278
2026-07-31,all,8,0,0,0,6,2370,4397.0,44,44,1396
2026-07-31,antwerp,5,0,0,0,4,1622,550,10,10,979
2026-07-31,eupen,3,0,0,0,2,487,256,3,3,256
2026-08-01,all,14,0,0,0,9,2104,4324.0,41,41,1226
2026-08-01,antwerp,11,0,0,0,6,1201,532,8,8,729
2026-08-01,eupen,3,0,0,0,3,627,896,7,7,334
2026-08-02,all,11,0,0,0,10,2675,5173.0,46,46,1580
2026-08-02,antwerp,7,0,0,0,6,1703,1117,11,11,1042
2026-08-02,eupen,4,0,0,0,4,653,588,4,4,345
2026-08-03,all,10,0,0,0,4,2565,4840.4,43,43,1570
2026-08-03,antwerp,5,0,0,0,2,1648,1153,12,12,1066
2026-08-03,eupen,5,0,0,0,2,592,514,4,4,309
2026-08-04,all,14,0,0,0,13,2186,6888.0,55,55,1395
2026-08-04,antwerp,9,0,0,0,8,1411,2139,17,17,916
2026-08-04,eupen,5,0,0,0,5,466,738,5,5,303
2026-08-05,all,14,0,0,0,9,2155,3351.0,30,30,1278
2026-08-05,antwerp,12,0,0,0,9,1462,1008,8,8,875
2026-08-05,eupen,2,0,0,0,0,456,552,5,5,276
2026-08-06,all,12,0,0,0,10,2283,6143.9,41,41,1332
2026-08-06,antwerp,10,0,0,0,8,1507,1278,9,9,910
2026-08-06,eupen,2,0,0,0,2,393,1990,9,9,247
2026-08-07,all,3,0,0,0,3,2177,5084.4,49,49,1313
2026-08-07,antwerp,2,0,0,0,2,1512,772,10,10,926
2026-08-07,eupen,1,0,0,0,1,358,392,4,4,213
2026-08-08,all,18,0,0,0,14,2539,4065.6,44,44,1398
2026-08-08,antwerp,14,0,0,0,12,1762,1232,11,11,986
2026-08-08,eupen,3,0,0,0,2,357,271,5,5,222
2026-08-09,all,20,0,0,0,17,2579,6159.0,44,44,1446
2026-08-09,antwerp,19,0,0,0,17,1741,1634,7,7,967
2026-08-09,eupen,0,0,0,0,0,445,672,5,5,282
2026-08-10,all,28,0,0,0,22,2524,5065.0,46,46,1583
2026-08-10,antwerp,20,0,0,0,16,1766,2028.8,16,16,1156
2026-08-10,eupen,7,0,0,0,6,420,566,4,4,263
2026-08-11,all,15,0,0,0,13,2248,5143.8,41,41,1360
2026-08-11,antwerp,12,0,0,0,11,1481,1002.8,10,10,936
2026-08-11,eupen,3,0,0,0,2,363,680,3,3,231
2026-08-12,all,20,0,0,0,17,2101,5157.0,36,36,1209
2026-08-12,antwerp,16,0,0,0,14,1575,2287,12,12,869
2026-08-12,eupen,3,0,0,0,3,300,554,5,5,206
2026-08-13,all,19,0,0,0,12,1930,3981.6,35,35,1168
2026-08-13,antwerp,15,0,0,0,10,1439,1457,11,11,869
2026-08-13,eupen,2,0,0,0,2,280,1050,4,4,175
2026-08-14,all,26,0,0,0,17,1964,4016.4,47,47,1165
2026-08-14,antwerp,19,0,0,0,12,1398,921,10,10,812
2026-08-14,eupen,5,0,0,0,5,297,477,5,5,208
2026-08-15,all,29,0,0,0,22,2348,7143,57,57,1439
2026-08-15,antwerp,21,0,0,0,16,1673,1574.4,14,14,966
2026-08-15,eupen,8,0,0,0,6,318,886,4,4,243
2026-08-16,all,31,140,1,1,23,2685,5112.4,43,43,1538
2026-08-16,antwerp,23,0,0,0,19,1920,1880.4,14,14,1063
2026-08-16,eupen,7,140,1,1,4,402,488,4,4,258
2026-08-17,all,42,0,0,0,34,2181,5641.2,46,46,1372
2026-08-17,antwerp,29,0,0,0,24,1534,1743.2,16,16,950
2026-08-17,eupen,10,0,0,0,10,356,264,2,2,251
2026-08-18,all,37,78,1,1,23,2289,6656.0,47,47,1487
2026-08-18,antwerp,28,0,0,0,18,1588,1914,15,15,1037
2026-08-18,eupen,6,0,0,0,3,377,1006,5,5,263
2026-08-19,all,27,0,0,0,20,2338,8479.2,76,76,1543
2026-08-19,antwerp,23,0,0,0,18,1639,2910,22,22,1067
2026-08-19,eupen,2,0,0,0,2,361,886,6,6,263
2026-08-20,all,33,0,0,0,26,2160,5503.0,49,49,1393
2026-08-20,antwerp,26,0,0,0,20,1470,1832,13,13,950
2026-08-20,eupen,7,0,0,0,6,367,843,7,7,252
2026-08-21,all,31,352.0,2,2,27,2303,6751.0,61,61,1566
2026-08-21,antwerp,24,312,1,1,21,1550,2490,18,18,1050
2026-08-21,eupen,6,40,1,1,6,399,1062,8,8,290
2026-08-22,all,35,140,1,1,28,2507,7377.3,62,62,1640
2026-08-22,antwerp,28,140,1,1,24,1652,1122,8,8,1055
2026-08-22,eupen,6,0,0,0,4,444,164,2,2,313
2026-08-23,all,32,0,0,0,24,2322,5300.0,45,45,1484
2026-08-23,antwerp,26,0,0,0,22,1469,2116,15,15,946
2026-08-23,eupen,4,0,0,0,2,497,722,3,3,344
2026-08-24,all,35,0,0,0,26,2130,3934.0,34,34,1371
2026-08-24,antwerp,30,0,0,0,23,1482,1723,13,13,949
2026-08-24,eupen,4,0,0,0,3,357,548,5,5,255
2026-08-25,all,52,416,1,1,37,2263,5482.0,52,52,1499
2026-08-25,antwerp,45,0,0,0,31,1394,1723,17,17,930
2026-08-25,eupen,7,416,1,1,6,526,1048,6,6,369
2026-08-26,all,29,0,0,0,24,2203,5529.2,44,44,1373
2026-08-26,antwerp,24,0,0,0,21,1447,1968.2,13,13,927
2026-08-26,eupen,4,0,0,0,3,469,977,7,7,291
2026-08-27,all,34,0,0,0,26,2067,5167.4,46,46,1313
2026-08-27,antwerp,34,0,0,0,26,1440,1382.4,14,14,928
2026-08-27,eupen,0,0,0,0,0,375,1173,6,6,246
2026-08-28,all,50,28,1,1,40,2137,6910.8,55,55,1418
2026-08-28,antwerp,47,28,1,1,37,1451,2880.4,16,16,972
2026-08-28,eupen,3,0,0,0,3,373,708,6,6,261
2026-08-29,all,38,0,0,0,26,2410,6361.4,55,55,1535
2026-08-29,antwerp,32,0,0,0,21,1576,2540,18,18,1033
2026-08-29,eupen,5,0,0,0,5,444,962,7,7,284
2026-08-30,all,46,0,0,0,35,2420,4671.0,51,51,1536
2026-08-30,antwerp,42,0,0,0,32,1538,1431.0,20,20,999
2026-08-30,eupen,3,0,0,0,3,504,939,7,7,328
